dataset_id,group,n_records,baseline_T_D,baseline_decision,stability_rate,n_draws
nz,known_good,20648,0.4596409279736172,CONDITIONAL,1.0,2000
chile,known_good,132964,0.45133761860347926,CONDITIONAL,1.0,2000
real_202505_tokyo,known_good,2,0.9977571471074209,ADMIT,1.0,2000
real_202506_turkey,known_good,6,0.9976687907366212,ADMIT,1.0,2000
real_202507_Kamchatka,known_good,250,0.5614079203980411,CONDITIONAL,1.0,2000
real_202509_Kamchatka,known_good,2665,0.6753784151805029,CONDITIONAL,1.0,2000
real_202510_philippines,known_good,59,0.5174482840701493,CONDITIONAL,1.0,2000
real_2025_03_myanmar,known_good,43,0.5099582675458221,CONDITIONAL,1.0,2000
real_202604_tohoku_japan,known_good,30,0.7390284423625406,CONDITIONAL,0.6655,2000
real_202606_philippines,known_good,47,0.6006181126531301,CONDITIONAL,1.0,2000
real_afghanistan_20231008_query,known_good,329,0.6205220663281295,CONDITIONAL,1.0,2000
real_afghanistan_20231015_query,known_good,372,0.6443877479329563,CONDITIONAL,1.0,2000
real_afghanistan_2025_09_01,known_good,26,0.31192946171417446,CONDITIONAL,1.0,2000
real_all_month,known_good,10607,0.6298994658465579,CONDITIONAL,1.0,2000
real_greece_2024_2025,known_good,282,0.6766891066352717,CONDITIONAL,1.0,2000
real_haiti_20210814_query,known_good,215,0.7847392269513668,ADMIT,0.9935,2000
real_ishikawa_202401_query,known_good,169,0.7180963779275844,CONDITIONAL,0.962,2000
real_ishikawa_202411_query,known_good,4,0.997633224159672,ADMIT,1.0,2000
real_ishikawa_2024_query,known_good,120,0.636627226169482,CONDITIONAL,1.0,2000
real_japan-20190101_20211203_query,known_good,2535,0.6618307766971109,CONDITIONAL,1.0,2000
real_japan_2000_2023_query,known_good,11132,0.6683792772153736,CONDITIONAL,1.0,2000
real_japan_20190101-20211009_query,known_good,1850,0.6608813488580731,CONDITIONAL,1.0,2000
real_japan_20220317_query,known_good,6,0.9933450566848201,ADMIT,1.0,2000
real_japan_20220319_query,known_good,32,0.723405701986244,CONDITIONAL,0.8875,2000
real_japan_saitama_202407_202501,known_good,17,0.997828189206346,ADMIT,1.0,2000
real_miyazaki_2024-2025,known_good,46,0.7619865580920819,ADMIT,0.706,2000
real_morocco_20230908_query,known_good,7009,0.7069949220013773,CONDITIONAL,0.9995,2000
real_peru_20250616,known_good,25,0.9910368017896701,ADMIT,1.0,2000
real_potvilla_2024012,known_good,21,0.30587174148509894,CONDITIONAL,1.0,2000
real_taiwan_20240403_query,known_good,9,0.31428971904603126,CONDITIONAL,1.0,2000
real_taiwan_20240423_query,known_good,207,0.5632836773905484,CONDITIONAL,1.0,2000
real_taiwan_2024_query,known_good,378,0.6637717343262681,CONDITIONAL,1.0,2000
real_taiwan_202501,known_good,25,0.9940575679917343,ADMIT,1.0,2000
real_tibet_202501,known_good,19,0.9382973586835138,ADMIT,1.0,2000
real_tohoku_2005_2011,known_good,2774,0.5701110400373213,CONDITIONAL,1.0,2000
real_tohoku_202511,known_good,67,0.6568307039320976,CONDITIONAL,1.0,2000
real_tohoku_202512,known_good,117,0.6717474586612254,CONDITIONAL,1.0,2000
real_tohoku_202606,known_good,29,0.9895466482011439,ADMIT,1.0,2000
real_tokara_202506,known_good,91,0.33737933512763046,CONDITIONAL,1.0,2000
real_tonga_20210101_20220117_query,known_good,3545,0.6659268233237143,CONDITIONAL,1.0,2000
real_turkey_202504,known_good,8,0.3144091607090723,CONDITIONAL,1.0,2000
real_usgs_current,known_good,183,0.820679339740144,ADMIT,1.0,2000
real_usgs_main,known_good,75810,0.5565798309046319,CONDITIONAL,1.0,2000
real_venezuela_202606,known_good,10,0.9980676940434002,ADMIT,1.0,2000
real_yamanashi_202606,known_good,10,0.9943717577826385,ADMIT,1.0,2000
real_indonesia_palu_2018,known_good,155,0.6618237580443297,CONDITIONAL,1.0,2000
real_ridgecrest_california_2019,known_good,108,0.7662083643357043,ADMIT,0.7725,2000
real_amatrice_norcia_italy_2016,known_good,72,0.6971977203654873,CONDITIONAL,1.0,2000
real_anchorage_alaska_2018,known_good,43,0.7637074124858885,ADMIT,0.7375,2000
real_chiapas_mexico_2017,known_good,534,0.660933091538428,CONDITIONAL,1.0,2000
real_gorkha_nepal_2015,known_good,259,0.5926182187297029,CONDITIONAL,1.0,2000
real_haiti_2010,known_good,99,0.5990724309570693,CONDITIONAL,1.0,2000
real_kahramanmaras_turkey_2023,known_good,488,0.6960981175752057,CONDITIONAL,1.0,2000
real_kermanshah_iran_2017,known_good,90,0.7161435478129434,CONDITIONAL,0.974,2000
real_muisne_pedernales_ecuador_2016,known_good,87,0.6607587321853293,CONDITIONAL,1.0,2000
real_png_highlands_2018,known_good,301,0.5841209037102825,CONDITIONAL,1.0,2000
real_china_sichuan_2008,known_good,717,0.6282108163072156,CONDITIONAL,1.0,2000
real_china_yunnan_general,known_good,114,0.7805536205639846,ADMIT,0.9665,2000
real_china_xinjiang_general,known_good,485,0.7519372164041742,ADMIT,0.5415,2000
real_india_gujarat_bhuj_2001,known_good,99,0.5342297078490832,CONDITIONAL,1.0,2000
real_india_kashmir_2005,known_good,519,0.6092304577236355,CONDITIONAL,1.0,2000
real_india_assam_general,known_good,255,0.634120999841498,CONDITIONAL,1.0,2000
real_pakistan_balochistan_2013,known_good,46,0.6491185001348051,CONDITIONAL,1.0,2000
real_colombia_andes_general,known_good,700,0.5980331491858338,CONDITIONAL,1.0,2000
real_argentina_sanjuan_general,known_good,1054,0.6599820564611317,CONDITIONAL,1.0,2000
real_bolivia_deep_general,known_good,960,0.6288793441566508,CONDITIONAL,1.0,2000
real_guatemala_general,known_good,1642,0.6381081013522563,CONDITIONAL,1.0,2000
real_elsalvador_2001,known_good,142,0.5014419361192786,CONDITIONAL,1.0,2000
real_costarica_general,known_good,612,0.6845856950955147,CONDITIONAL,1.0,2000
real_panama_general,known_good,513,0.6175328737873175,CONDITIONAL,1.0,2000
real_puertorico_2020_ponce,known_good,1253,0.5926741408729831,CONDITIONAL,1.0,2000
real_dominicanrepublic_general,known_good,323,0.36237979985194485,CONDITIONAL,1.0,2000
real_croatia_petrinja_2020,known_good,18,0.3142743172069302,CONDITIONAL,1.0,2000
real_albania_durres_2019,known_good,65,0.6932919040866563,CONDITIONAL,1.0,2000
real_portugal_azores_general,known_good,163,0.6793946924220926,CONDITIONAL,1.0,2000
real_tanzania_rift_general,known_good,223,0.7323193621590492,CONDITIONAL,0.77,2000
real_drc_rift_general,known_good,137,0.7531608091890508,ADMIT,0.558,2000
real_mozambique_general,known_good,18,0.9962197447856469,ADMIT,1.0,2000
real_iraq_halabja_2017,known_good,63,0.690469898607586,CONDITIONAL,1.0,2000
real_lebanon_general,known_good,23,0.9979280360509593,ADMIT,1.0,2000
real_russia_sakhalin_general,known_good,207,0.7852758275485565,ADMIT,0.9955,2000
real_russia_baikal_general,known_good,114,0.6387790402722763,CONDITIONAL,1.0,2000
real_usa_hawaii_kilauea_2018,known_good,2170,0.6829185306853262,CONDITIONAL,1.0,2000
real_usa_california_southnapa_2014,known_good,25,0.9369885925482709,ADMIT,1.0,2000
real_usa_cascadia_general,known_good,844,0.7171313131865658,CONDITIONAL,0.9735,2000
real_canada_britishcolumbia_general,known_good,641,0.6247934379192889,CONDITIONAL,1.0,2000
real_australia_general,known_good,619,0.7438301950344234,CONDITIONAL,0.5955,2000
real_vanuatu_general,known_good,2484,0.6277616003285518,CONDITIONAL,1.0,2000
real_solomonislands_general,known_good,2116,0.6742052188975471,CONDITIONAL,1.0,2000
real_fiji_general,known_good,195,0.7279344734416798,CONDITIONAL,0.8435,2000
real_samoa_general,known_good,163,0.7369103837584331,CONDITIONAL,0.6965,2000
real_centralasia_kyrgyzstan_tajikistan,known_good,3204,0.7133177702447869,CONDITIONAL,0.9895,2000
real_uzbekistan_general,known_good,134,0.6878103251096831,CONDITIONAL,1.0,2000
real_mongolia_gobialtai_general,known_good,70,0.695989522896532,CONDITIONAL,1.0,2000
real_china_qinghai_yushu_2010,known_good,30,0.6704225611200946,CONDITIONAL,1.0,2000
real_china_gansu_general,known_good,72,0.7277797005037344,CONDITIONAL,0.851,2000
real_china_taiwanstrait_general,known_good,105,0.4899447679333009,CONDITIONAL,1.0,2000
real_china_hebei_general,known_good,27,0.9734557371616215,ADMIT,1.0,2000
real_china_shanxi_general,known_good,32,0.6179638231148267,CONDITIONAL,1.0,2000
real_china_tibet_plateau_general,known_good,864,0.6490833261763734,CONDITIONAL,1.0,2000
real_india_uttarakhand_general,known_good,103,0.5750232877226523,CONDITIONAL,1.0,2000
real_india_andaman_general,known_good,1504,0.6122295075429188,CONDITIONAL,1.0,2000
real_bangladesh_general,known_good,135,0.5292543252761371,CONDITIONAL,1.0,2000
real_pakistan_general,known_good,1449,0.7350216822808011,CONDITIONAL,0.7345,2000
real_nepal_sikkim_general,known_good,64,0.6294564735835124,CONDITIONAL,1.0,2000
real_colombia_armenia_1999,known_good,18,0.3146866545702326,CONDITIONAL,1.0,2000
real_peru_pisco_2007,known_good,138,0.6064157078970588,CONDITIONAL,1.0,2000
real_peru_arequipa_2001,known_good,238,0.542116502239677,CONDITIONAL,1.0,2000
real_ecuador_general,known_good,933,0.7317145769308393,CONDITIONAL,0.788,2000
real_chile_iquique_2014,known_good,621,0.6205182033453137,CONDITIONAL,1.0,2000
real_chile_maule_2010,known_good,948,0.5536990760130375,CONDITIONAL,1.0,2000
real_venezuela_general,known_good,502,0.6617209390447447,CONDITIONAL,1.0,2000
real_nicaragua_general,known_good,945,0.6349984246766779,CONDITIONAL,1.0,2000
real_cuba_general,known_good,75,0.5850891634790936,CONDITIONAL,1.0,2000
real_trinidadtobago_general,known_good,103,0.598381908997591,CONDITIONAL,1.0,2000
real_honduras_general,known_good,521,0.7688365947044952,ADMIT,0.814,2000
real_mexico_oaxaca_general,known_good,2322,0.586615225109347,CONDITIONAL,1.0,2000
real_iceland_general,known_good,631,0.4805512829929096,CONDITIONAL,1.0,2000
real_iceland_reykjanes_2021,known_good,43,0.4133719012615823,CONDITIONAL,1.0,2000
real_norway_general,known_good,26,0.9575627596130484,ADMIT,1.0,2000
real_switzerland_general,known_good,625,0.5698792523633547,CONDITIONAL,1.0,2000
real_romania_vrancea_general,known_good,215,0.38105655019563467,CONDITIONAL,1.0,2000
real_bulgaria_general,known_good,129,0.7014391812489266,CONDITIONAL,1.0,2000
real_turkey_izmit_1999,known_good,128,0.5972977490885526,CONDITIONAL,1.0,2000
real_turkey_van_2011,known_good,162,0.682641340514663,CONDITIONAL,1.0,2000
real_france_general,known_good,584,0.6676417698732975,CONDITIONAL,1.0,2000
real_germany_general,known_good,1634,0.6567616944540002,CONDITIONAL,1.0,2000
real_iran_bam_2003,known_good,17,0.9914802355501426,ADMIT,1.0,2000
real_iran_ahar_varzaghan_2012,known_good,45,0.7632446907014923,ADMIT,0.728,2000
real_yemen_general,known_good,396,0.7440403837378988,CONDITIONAL,0.59,2000
real_jordan_general,known_good,42,0.45781262904105424,CONDITIONAL,1.0,2000
real_israel_deadsea_general,known_good,45,0.4671012254256959,CONDITIONAL,1.0,2000
real_syria_general,known_good,83,0.6870088481817566,CONDITIONAL,1.0,2000
real_egypt_general,known_good,54,0.6228112012431851,CONDITIONAL,1.0,2000
real_ethiopia_general,known_good,588,0.7274092040785992,CONDITIONAL,0.858,2000
real_kenya_general,known_good,138,0.6884892114860975,CONDITIONAL,1.0,2000
real_algeria_boumerdes_2003,known_good,227,0.6086438710785549,CONDITIONAL,1.0,2000
real_morocco_alhoceima_2004,known_good,594,0.6475979593116614,CONDITIONAL,1.0,2000
real_southafrica_general,known_good,249,0.7585359235408868,ADMIT,0.6315,2000
real_malawi_general,known_good,70,0.7005865940282203,CONDITIONAL,1.0,2000
real_madagascar_general,known_good,262,0.46035014144019365,CONDITIONAL,1.0,2000
real_russia_kurilislands_general,known_good,1168,0.6701624332181515,CONDITIONAL,1.0,2000
real_kazakhstan_general,known_good,1024,0.7484497578068177,CONDITIONAL,0.5155,2000
real_turkmenistan_general,known_good,319,0.7608297862437702,ADMIT,0.6825,2000
real_russia_caucasus_general,known_good,189,0.6481312948914678,CONDITIONAL,1.0,2000
real_azerbaijan_general,known_good,310,0.7658759952969566,ADMIT,0.761,2000
real_usa_yellowstone_general,known_good,500,0.717793264891876,CONDITIONAL,0.961,2000
real_usa_newmadrid_general,known_good,344,0.6723701504601781,CONDITIONAL,1.0,2000
real_usa_oklahoma_induced_general,known_good,2563,0.7396358493321235,CONDITIONAL,0.6675,2000
real_usa_puertorico_general,known_good,709,0.7061653755851599,CONDITIONAL,1.0,2000
real_canada_quebec_general,known_good,222,0.5738069000637087,CONDITIONAL,1.0,2000
real_mexico_baja_general,known_good,464,0.7964608054852325,ADMIT,1.0,2000
real_greenland_general,known_good,394,0.7444495210509312,CONDITIONAL,0.5835,2000
real_newzealand_kaikoura_2016,known_good,318,0.6850312633592804,CONDITIONAL,1.0,2000
real_papuanewguinea_general,known_good,4590,0.5656882255045665,CONDITIONAL,1.0,2000
real_newcaledonia_general,known_good,971,0.6489815793606211,CONDITIONAL,1.0,2000
real_marianaislands_general,known_good,1830,0.673778303127134,CONDITIONAL,1.0,2000
real_guam_general,known_good,1536,0.6237113002772734,CONDITIONAL,1.0,2000
real_indonesia_sumatra_general,known_good,4599,0.6781329041519044,CONDITIONAL,1.0,2000
real_indonesia_java_general,known_good,661,0.6713436949792266,CONDITIONAL,1.0,2000
real_northkorea_general,known_good,19,0.9575008976360684,ADMIT,1.0,2000
real_china_yunnan_general_early,known_good,88,0.6809368030384759,CONDITIONAL,1.0,2000
real_china_xinjiang_general_early,known_good,398,0.778524858841549,ADMIT,0.9505,2000
real_india_assam_general_early,known_good,113,0.6057078172004136,CONDITIONAL,1.0,2000
real_colombia_andes_general_early,known_good,476,0.40394406736898336,CONDITIONAL,1.0,2000
real_argentina_sanjuan_general_early,known_good,599,0.552125896581031,CONDITIONAL,1.0,2000
real_bolivia_deep_general_early,known_good,324,0.6505393180711899,CONDITIONAL,1.0,2000
real_guatemala_general_early,known_good,1143,0.530629229174538,CONDITIONAL,1.0,2000
real_costarica_general_early,known_good,569,0.6405025187687523,CONDITIONAL,1.0,2000
real_panama_general_early,known_good,350,0.5338016907101397,CONDITIONAL,1.0,2000
real_dominicanrepublic_general_early,known_good,129,0.6361093387572382,CONDITIONAL,1.0,2000
real_portugal_azores_general_early,known_good,58,0.7641380932353984,ADMIT,0.74,2000
real_tanzania_rift_general_early,known_good,80,0.5380598889303413,CONDITIONAL,1.0,2000
real_drc_rift_general_early,known_good,60,0.7773450998380326,ADMIT,0.943,2000
real_russia_sakhalin_general_early,known_good,212,0.7263070025386591,CONDITIONAL,0.874,2000
real_russia_baikal_general_early,known_good,97,0.7005059530937351,CONDITIONAL,1.0,2000
real_usa_cascadia_general_early,known_good,1355,0.5880108918347428,CONDITIONAL,1.0,2000
real_canada_britishcolumbia_general_early,known_good,398,0.6463177783816922,CONDITIONAL,1.0,2000
real_australia_general_early,known_good,353,0.6495916900665886,CONDITIONAL,1.0,2000
real_vanuatu_general_early,known_good,1789,0.6421082461667873,CONDITIONAL,1.0,2000
real_solomonislands_general_early,known_good,1376,0.6585873034010503,CONDITIONAL,1.0,2000
real_fiji_general_early,known_good,139,0.49025672292143196,CONDITIONAL,1.0,2000
real_samoa_general_early,known_good,27,0.9939599673555983,ADMIT,1.0,2000
real_centralasia_kyrgyzstan_tajikistan_early,known_good,1090,0.6721692599864532,CONDITIONAL,1.0,2000
real_uzbekistan_general_early,known_good,81,0.7147021762470152,CONDITIONAL,0.9825,2000
real_mongolia_gobialtai_general_early,known_good,19,0.9974732266846013,ADMIT,1.0,2000
real_china_gansu_general_early,known_good,28,0.9968662421343853,ADMIT,1.0,2000
real_india_uttarakhand_general_early,known_good,73,0.7091469622588726,CONDITIONAL,0.998,2000
real_india_andaman_general_early,known_good,521,0.6328079369818265,CONDITIONAL,1.0,2000
real_bangladesh_general_early,known_good,60,0.625910001200308,CONDITIONAL,1.0,2000
real_ecuador_general_early,known_good,367,0.72369623853177,CONDITIONAL,0.901,2000
real_nicaragua_general_early,known_good,617,0.6862784189526274,CONDITIONAL,1.0,2000
real_cuba_general_early,known_good,20,0.9971930801580826,ADMIT,1.0,2000
real_iceland_general_early,known_good,63,0.4621643179000336,CONDITIONAL,1.0,2000
real_switzerland_general_early,known_good,570,0.615019560492682,CONDITIONAL,1.0,2000
real_yemen_general_early,known_good,122,0.6550646528749319,CONDITIONAL,1.0,2000
real_ethiopia_general_early,known_good,88,0.6649219303277687,CONDITIONAL,1.0,2000
real_kazakhstan_general_early,known_good,526,0.7433249350102249,CONDITIONAL,0.5975,2000
real_usa_yellowstone_general_early,known_good,180,0.6985741845591391,CONDITIONAL,1.0,2000
real_indonesia_sumatra_general_early,known_good,1184,0.649320578015418,CONDITIONAL,1.0,2000
real_china_sichuan_2008_recent,known_good,492,0.733396548604948,CONDITIONAL,0.7605,2000
real_china_yunnan_general_recent,known_good,75,0.8236187806637892,ADMIT,1.0,2000
real_china_xinjiang_general_recent,known_good,258,0.7644620255113316,ADMIT,0.744,2000
real_india_gujarat_bhuj_2001_recent,known_good,65,0.49008746933729713,CONDITIONAL,1.0,2000
real_india_kashmir_2005_recent,known_good,235,0.5197966634174794,CONDITIONAL,1.0,2000
real_india_assam_general_recent,known_good,64,0.6302124856670396,CONDITIONAL,1.0,2000
real_pakistan_balochistan_2013_recent,known_good,70,0.504150499241854,CONDITIONAL,1.0,2000
real_colombia_andes_general_recent,known_good,332,0.7360855097970851,CONDITIONAL,0.7075,2000
real_argentina_sanjuan_general_recent,known_good,316,0.5835579534100269,CONDITIONAL,1.0,2000
real_bolivia_deep_general_recent,known_good,306,0.61965326475728,CONDITIONAL,1.0,2000
real_guatemala_general_recent,known_good,509,0.6589256675985057,CONDITIONAL,1.0,2000
real_elsalvador_2001_recent,known_good,1547,0.5961892393069166,CONDITIONAL,1.0,2000
real_costarica_general_recent,known_good,215,0.6676780396003027,CONDITIONAL,1.0,2000
real_panama_general_recent,known_good,151,0.6692708275183997,CONDITIONAL,1.0,2000
real_puertorico_2020_ponce_recent,known_good,1697,0.6168014135619215,CONDITIONAL,1.0,2000
real_dominicanrepublic_general_recent,known_good,148,0.5086706682182299,CONDITIONAL,1.0,2000
real_albania_durres_2019_recent,known_good,50,0.6701106070786814,CONDITIONAL,1.0,2000
real_portugal_azores_general_recent,known_good,38,0.5331019319534819,CONDITIONAL,1.0,2000
real_tanzania_rift_general_recent,known_good,103,0.7520455686638078,ADMIT,0.548,2000
real_drc_rift_general_recent,known_good,30,0.29795996533286684,CONDITIONAL,1.0,2000
real_iraq_halabja_2017_recent,known_good,154,0.6435557423182853,CONDITIONAL,1.0,2000
real_russia_sakhalin_general_recent,known_good,48,0.5116412203302865,CONDITIONAL,1.0,2000
real_russia_baikal_general_recent,known_good,23,0.9971142052748313,ADMIT,1.0,2000
real_usa_hawaii_kilauea_2018_recent,known_good,1061,0.6925097345040235,CONDITIONAL,1.0,2000
real_usa_california_southnapa_2014_recent,known_good,195,0.6904255614932642,CONDITIONAL,1.0,2000
real_usa_cascadia_general_recent,known_good,351,0.7570855884216338,ADMIT,0.6275,2000
real_canada_britishcolumbia_general_recent,known_good,106,0.7116060067657222,CONDITIONAL,0.9925,2000
real_australia_general_recent,known_good,132,0.6889350887352185,CONDITIONAL,1.0,2000
real_vanuatu_general_recent,known_good,1478,0.6889841414582623,CONDITIONAL,1.0,2000
real_solomonislands_general_recent,known_good,717,0.7048075768299626,CONDITIONAL,1.0,2000
real_fiji_general_recent,known_good,86,0.5640682877195314,CONDITIONAL,1.0,2000
real_samoa_general_recent,known_good,70,0.5567281498891288,CONDITIONAL,1.0,2000
real_centralasia_kyrgyzstan_tajikistan_recent,known_good,947,0.6670184991427551,CONDITIONAL,1.0,2000
real_uzbekistan_general_recent,known_good,44,0.5038922475449006,CONDITIONAL,1.0,2000
real_china_qinghai_yushu_2010_recent,known_good,31,0.5630639743805786,CONDITIONAL,1.0,2000
real_china_gansu_general_recent,known_good,26,0.313343975452593,CONDITIONAL,1.0,2000
real_china_taiwanstrait_general_recent,known_good,59,0.6558454866276063,CONDITIONAL,1.0,2000
real_china_tibet_plateau_general_recent,known_good,351,0.7565875534557391,ADMIT,0.6185,2000
real_india_uttarakhand_general_recent,known_good,16,0.9900204697424514,ADMIT,1.0,2000
real_india_andaman_general_recent,known_good,221,0.6149739898342499,CONDITIONAL,1.0,2000
real_bangladesh_general_recent,known_good,36,0.5128469760489611,CONDITIONAL,1.0,2000
real_pakistan_general_recent,known_good,279,0.6463264611017239,CONDITIONAL,1.0,2000
real_nepal_sikkim_general_recent,known_good,24,0.9959479753881089,ADMIT,1.0,2000
real_colombia_armenia_1999_recent,known_good,152,0.45373117782646677,CONDITIONAL,1.0,2000
real_peru_pisco_2007_recent,known_good,419,0.5310463379044701,CONDITIONAL,1.0,2000
real_peru_arequipa_2001_recent,known_good,866,0.6034928307965074,CONDITIONAL,1.0,2000
real_ecuador_general_recent,known_good,287,0.629697856453239,CONDITIONAL,1.0,2000
real_chile_iquique_2014_recent,known_good,1232,0.6074078969984125,CONDITIONAL,1.0,2000
real_chile_maule_2010_recent,known_good,1035,0.7073871185858102,CONDITIONAL,1.0,2000
real_venezuela_general_recent,known_good,161,0.8096365656430078,ADMIT,1.0,2000
real_nicaragua_general_recent,known_good,268,0.6955029369119969,CONDITIONAL,1.0,2000
real_cuba_general_recent,known_good,25,0.9691035154828193,ADMIT,1.0,2000
real_honduras_general_recent,known_good,119,0.6085479465072589,CONDITIONAL,1.0,2000
real_mexico_oaxaca_general_recent,known_good,253,0.57643654377822,CONDITIONAL,1.0,2000
real_iceland_general_recent,known_good,153,0.6011829283767428,CONDITIONAL,1.0,2000
real_iceland_reykjanes_2021_recent,known_good,80,0.48507128582106673,CONDITIONAL,1.0,2000
real_romania_vrancea_general_recent,known_good,26,0.9818268959853458,ADMIT,1.0,2000
real_turkey_izmit_1999_recent,known_good,116,0.37441348089217863,CONDITIONAL,1.0,2000
real_turkey_van_2011_recent,known_good,125,0.76433395429749,ADMIT,0.7415,2000
real_france_general_recent,known_good,21,0.993191271351985,ADMIT,1.0,2000
real_iran_bam_2003_recent,known_good,91,0.5721787506920006,CONDITIONAL,1.0,2000
real_iran_ahar_varzaghan_2012_recent,known_good,33,0.47174200984783166,CONDITIONAL,1.0,2000
real_yemen_general_recent,known_good,187,0.7211469837355174,CONDITIONAL,0.931,2000
real_syria_general_recent,known_good,197,0.6258443912592848,CONDITIONAL,1.0,2000
real_ethiopia_general_recent,known_good,495,0.6444389599042133,CONDITIONAL,1.0,2000
real_kenya_general_recent,known_good,35,0.615207024918054,CONDITIONAL,1.0,2000
real_algeria_boumerdes_2003_recent,known_good,202,0.4969557330405262,CONDITIONAL,1.0,2000
real_morocco_alhoceima_2004_recent,known_good,496,0.6573466273923281,CONDITIONAL,1.0,2000
real_southafrica_general_recent,known_good,38,0.5652365240333618,CONDITIONAL,1.0,2000
real_russia_kurilislands_general_recent,known_good,813,0.6171159647194772,CONDITIONAL,1.0,2000
real_kazakhstan_general_recent,known_good,616,0.7713842655364008,ADMIT,0.8535,2000
real_turkmenistan_general_recent,known_good,89,0.6696527632024001,CONDITIONAL,1.0,2000
real_russia_caucasus_general_recent,known_good,22,0.9930234700129836,ADMIT,1.0,2000
real_azerbaijan_general_recent,known_good,60,0.7086029423969751,CONDITIONAL,0.9975,2000
real_usa_yellowstone_general_recent,known_good,91,0.7068461544148386,CONDITIONAL,0.9985,2000
real_usa_newmadrid_general_recent,known_good,72,0.6213285555389934,CONDITIONAL,1.0,2000
real_usa_oklahoma_induced_general_recent,known_good,340,0.6212125681996795,CONDITIONAL,1.0,2000
real_usa_puertorico_general_recent,known_good,275,0.6533243833166764,CONDITIONAL,1.0,2000
real_canada_quebec_general_recent,known_good,27,0.9522470368330981,ADMIT,1.0,2000
real_mexico_baja_general_recent,known_good,53,0.6976077023518484,CONDITIONAL,1.0,2000
real_greenland_general_recent,known_good,158,0.6521694789687965,CONDITIONAL,1.0,2000
real_newzealand_kaikoura_2016_recent,known_good,86,0.567508332782183,CONDITIONAL,1.0,2000
real_papuanewguinea_general_recent,known_good,1289,0.7589028928013731,ADMIT,0.6585,2000
real_newcaledonia_general_recent,known_good,77,0.5709276446710791,CONDITIONAL,1.0,2000
real_marianaislands_general_recent,known_good,601,0.7557608025020897,ADMIT,0.598,2000
real_guam_general_recent,known_good,532,0.7317777979252081,CONDITIONAL,0.789,2000
real_indonesia_sumatra_general_recent,known_good,502,0.7010268695487192,CONDITIONAL,1.0,2000
real_indonesia_java_general_recent,known_good,184,0.7192190297692334,CONDITIONAL,0.9515,2000
real_cyprus_general_recent,known_good,34,0.5780214099023038,CONDITIONAL,1.0,2000
real_poland_general_recent,known_good,37,0.5557030285930187,CONDITIONAL,1.0,2000
real_myanmar_sagaing_general_recent,known_good,291,0.7095526405394339,CONDITIONAL,0.9955,2000
real_vietnam_general_recent,known_good,53,0.4971598287771376,CONDITIONAL,1.0,2000
real_philippines_luzon_general_recent,known_good,382,0.7855235210131912,ADMIT,0.995,2000
real_philippines_mindanao_general_recent,known_good,2173,0.7034563740264203,CONDITIONAL,1.0,2000
real_usa_virginia_2011_recent,known_good,56,0.5957116953020789,CONDITIONAL,1.0,2000
real_usa_nevada_basinrange_general_recent,known_good,376,0.8010209757569026,ADMIT,1.0,2000
real_usa_utah_wasatch_general_recent,known_good,61,0.6882641381051152,CONDITIONAL,1.0,2000
real_haiti_2010_recent,known_good,51,0.5241488561566974,CONDITIONAL,1.0,2000
real_guadeloupe_martinique_general_recent,known_good,41,0.6976512767885541,CONDITIONAL,1.0,2000
real_china_yunnan_general_early2,known_good,159,0.6791579525208873,CONDITIONAL,1.0,2000
real_china_yunnan_general_early3,known_good,146,0.621603800530038,CONDITIONAL,1.0,2000
real_china_xinjiang_general_early2,known_good,566,0.7106345892380914,CONDITIONAL,0.999,2000
real_china_xinjiang_general_early3,known_good,558,0.6479700644013783,CONDITIONAL,1.0,2000
real_india_assam_general_early2,known_good,236,0.5026626205703358,CONDITIONAL,1.0,2000
real_india_assam_general_early3,known_good,115,0.6478880823888292,CONDITIONAL,1.0,2000
real_colombia_andes_general_early2,known_good,776,0.624402696393325,CONDITIONAL,1.0,2000
real_colombia_andes_general_early3,known_good,481,0.46129853429298473,CONDITIONAL,1.0,2000
real_argentina_sanjuan_general_early2,known_good,529,0.6181816285325195,CONDITIONAL,1.0,2000
real_argentina_sanjuan_general_early3,known_good,261,0.647232288707704,CONDITIONAL,1.0,2000
real_bolivia_deep_general_early2,known_good,494,0.596718441519694,CONDITIONAL,1.0,2000
real_bolivia_deep_general_early3,known_good,224,0.6046358302851789,CONDITIONAL,1.0,2000
real_guatemala_general_early2,known_good,797,0.547421957278345,CONDITIONAL,1.0,2000
real_guatemala_general_early3,known_good,558,0.6118730314844835,CONDITIONAL,1.0,2000
real_costarica_general_early2,known_good,524,0.6119107699942506,CONDITIONAL,1.0,2000
real_costarica_general_early3,known_good,241,0.6590455641690448,CONDITIONAL,1.0,2000
real_panama_general_early2,known_good,248,0.6249223690069108,CONDITIONAL,1.0,2000
real_panama_general_early3,known_good,302,0.6546175965457625,CONDITIONAL,1.0,2000
real_dominicanrepublic_general_early2,known_good,86,0.41117018317130255,CONDITIONAL,1.0,2000
real_dominicanrepublic_general_early3,known_good,52,0.574771094046908,CONDITIONAL,1.0,2000
real_portugal_azores_general_early2,known_good,69,0.5985758725744715,CONDITIONAL,1.0,2000
real_portugal_azores_general_early3,known_good,17,0.9962094487135263,ADMIT,1.0,2000
real_tanzania_rift_general_early2,known_good,72,0.5852231580977725,CONDITIONAL,1.0,2000
real_tanzania_rift_general_early3,known_good,31,0.584803192427995,CONDITIONAL,1.0,2000
real_drc_rift_general_early2,known_good,32,0.5785246151386452,CONDITIONAL,1.0,2000
real_drc_rift_general_early3,known_good,20,0.9971238314870994,ADMIT,1.0,2000
real_mozambique_general_early2,known_good,20,0.9955949956408583,ADMIT,1.0,2000
real_russia_sakhalin_general_early2,known_good,71,0.5242248856859473,CONDITIONAL,1.0,2000
real_russia_sakhalin_general_early3,known_good,24,0.9900993874065951,ADMIT,1.0,2000
real_russia_baikal_general_early2,known_good,37,0.3233316419867212,CONDITIONAL,1.0,2000
real_russia_baikal_general_early3,known_good,18,0.9962928998009892,ADMIT,1.0,2000
real_usa_cascadia_general_early2,known_good,2591,0.6778925236975515,CONDITIONAL,1.0,2000
real_usa_cascadia_general_early3,known_good,634,0.7431173185475487,CONDITIONAL,0.606,2000
real_canada_britishcolumbia_general_early2,known_good,327,0.5846775143158711,CONDITIONAL,1.0,2000
real_canada_britishcolumbia_general_early3,known_good,174,0.5876050321120699,CONDITIONAL,1.0,2000
real_australia_general_early2,known_good,548,0.5953164649144195,CONDITIONAL,1.0,2000
real_australia_general_early3,known_good,44,0.47738190942330966,CONDITIONAL,1.0,2000
real_vanuatu_general_early2,known_good,2042,0.5699840864267969,CONDITIONAL,1.0,2000
real_vanuatu_general_early3,known_good,1432,0.5717534828509503,CONDITIONAL,1.0,2000
real_solomonislands_general_early2,known_good,1096,0.6137187526531824,CONDITIONAL,1.0,2000
real_solomonislands_general_early3,known_good,1214,0.6360369792198611,CONDITIONAL,1.0,2000
real_fiji_general_early2,known_good,115,0.43431278792403055,CONDITIONAL,1.0,2000
real_fiji_general_early3,known_good,87,0.6348582467809333,CONDITIONAL,1.0,2000
real_samoa_general_early2,known_good,51,0.5554953295238727,CONDITIONAL,1.0,2000
real_samoa_general_early3,known_good,39,0.41705649852553645,CONDITIONAL,1.0,2000
real_centralasia_kyrgyzstan_tajikistan_early2,known_good,1585,0.6972199520961109,CONDITIONAL,1.0,2000
real_centralasia_kyrgyzstan_tajikistan_early3,known_good,647,0.6649641761125626,CONDITIONAL,1.0,2000
real_uzbekistan_general_early2,known_good,179,0.7710206263167423,ADMIT,0.851,2000
real_uzbekistan_general_early3,known_good,110,0.6380227865408165,CONDITIONAL,1.0,2000
real_mongolia_gobialtai_general_early2,known_good,24,0.9976264043900207,ADMIT,1.0,2000
real_china_gansu_general_early2,known_good,53,0.5103695040428965,CONDITIONAL,1.0,2000
real_china_taiwanstrait_general_early,known_good,97,0.635583060001072,CONDITIONAL,1.0,2000
real_china_taiwanstrait_general_early2,known_good,38,0.557892086728997,CONDITIONAL,1.0,2000
real_china_hebei_general_early,known_good,19,0.9807044454293603,ADMIT,1.0,2000
real_china_hebei_general_early2,known_good,111,0.636344104432783,CONDITIONAL,1.0,2000
real_china_hebei_general_early3,known_good,26,0.6304754810381816,CONDITIONAL,1.0,2000
real_china_shanxi_general_early,known_good,16,0.9953595374196749,ADMIT,1.0,2000
real_china_shanxi_general_early2,known_good,23,0.9494307165294136,ADMIT,1.0,2000
real_china_tibet_plateau_general_early,known_good,437,0.7661663729285441,ADMIT,0.77,2000
real_china_tibet_plateau_general_early2,known_good,366,0.7650786231106138,ADMIT,0.7555,2000
real_china_tibet_plateau_general_early3,known_good,129,0.46040706993611624,CONDITIONAL,1.0,2000
real_india_uttarakhand_general_early2,known_good,35,0.5024949965771984,CONDITIONAL,1.0,2000
real_india_uttarakhand_general_early3,known_good,20,0.9894838553953632,ADMIT,1.0,2000
real_india_andaman_general_early2,known_good,237,0.7381806544621561,CONDITIONAL,0.6835,2000
real_india_andaman_general_early3,known_good,92,0.5131848418012256,CONDITIONAL,1.0,2000
real_bangladesh_general_early2,known_good,61,0.39888819034535394,CONDITIONAL,1.0,2000
real_bangladesh_general_early3,known_good,28,0.9951788719287864,ADMIT,1.0,2000
real_pakistan_general_early,known_good,577,0.7067253727264053,CONDITIONAL,0.999,2000
real_pakistan_general_early2,known_good,1068,0.6081447687604982,CONDITIONAL,1.0,2000
real_pakistan_general_early3,known_good,527,0.6329849550102978,CONDITIONAL,1.0,2000
real_nepal_sikkim_general_early,known_good,27,0.9953725873601929,ADMIT,1.0,2000
real_ecuador_general_early2,known_good,405,0.5757636475718785,CONDITIONAL,1.0,2000
real_ecuador_general_early3,known_good,200,0.45352858665810925,CONDITIONAL,1.0,2000
real_venezuela_general_early,known_good,249,0.7122181220311532,CONDITIONAL,0.9955,2000
real_venezuela_general_early2,known_good,312,0.6094354917477864,CONDITIONAL,1.0,2000
real_venezuela_general_early3,known_good,116,0.47851150009527105,CONDITIONAL,1.0,2000
real_nicaragua_general_early2,known_good,447,0.528135034289744,CONDITIONAL,1.0,2000
real_nicaragua_general_early3,known_good,129,0.43938278563088523,CONDITIONAL,1.0,2000
real_cuba_general_early2,known_good,24,0.313502151898952,CONDITIONAL,1.0,2000
real_trinidadtobago_general_early,known_good,109,0.597807712408201,CONDITIONAL,1.0,2000
real_trinidadtobago_general_early2,known_good,146,0.5839558550101387,CONDITIONAL,1.0,2000
real_honduras_general_early,known_good,380,0.5287257740721364,CONDITIONAL,1.0,2000
real_honduras_general_early2,known_good,167,0.4671833304984735,CONDITIONAL,1.0,2000
real_honduras_general_early3,known_good,73,0.5734049401003801,CONDITIONAL,1.0,2000
real_mexico_oaxaca_general_early,known_good,859,0.6915777200769324,CONDITIONAL,1.0,2000
real_mexico_oaxaca_general_early2,known_good,334,0.5939074938691213,CONDITIONAL,1.0,2000
real_mexico_oaxaca_general_early3,known_good,151,0.6734096134383875,CONDITIONAL,1.0,2000
real_iceland_general_early2,known_good,67,0.6822437618396623,CONDITIONAL,1.0,2000
real_iceland_general_early3,known_good,124,0.666981937290827,CONDITIONAL,1.0,2000
real_norway_general_early,known_good,35,0.45351631736068077,CONDITIONAL,1.0,2000
real_norway_general_early2,known_good,23,0.9560528600757018,ADMIT,1.0,2000
real_switzerland_general_early2,known_good,411,0.4994511840471047,CONDITIONAL,1.0,2000
real_romania_vrancea_general_early,known_good,100,0.6849029086627665,CONDITIONAL,1.0,2000
real_romania_vrancea_general_early2,known_good,115,0.3652472463654141,CONDITIONAL,1.0,2000
real_bulgaria_general_early,known_good,43,0.5360813942259351,CONDITIONAL,1.0,2000
real_bulgaria_general_early2,known_good,60,0.5384369976702476,CONDITIONAL,1.0,2000
real_france_general_early,known_good,743,0.6459960193527817,CONDITIONAL,1.0,2000
real_france_general_early2,known_good,593,0.652043413064732,CONDITIONAL,1.0,2000
real_germany_general_early,known_good,835,0.6509782641088793,CONDITIONAL,1.0,2000
real_germany_general_early2,known_good,711,0.6503438576574752,CONDITIONAL,1.0,2000
real_yemen_general_early2,known_good,88,0.4994660354896687,CONDITIONAL,1.0,2000
real_yemen_general_early3,known_good,59,0.5814703191166973,CONDITIONAL,1.0,2000
real_jordan_general_early,known_good,76,0.6740305245873423,CONDITIONAL,1.0,2000
real_jordan_general_early2,known_good,19,0.9969845647055904,ADMIT,1.0,2000
real_israel_deadsea_general_early,known_good,21,0.9974794622775003,ADMIT,1.0,2000
real_syria_general_early,known_good,74,0.4733183361543834,CONDITIONAL,1.0,2000
real_syria_general_early2,known_good,59,0.5872878968244052,CONDITIONAL,1.0,2000
real_egypt_general_early,known_good,206,0.5972535880800358,CONDITIONAL,1.0,2000
real_egypt_general_early2,known_good,29,0.9944090847744405,ADMIT,1.0,2000
real_ethiopia_general_early2,known_good,139,0.6159706639220536,CONDITIONAL,1.0,2000
real_ethiopia_general_early3,known_good,81,0.4474369591557717,CONDITIONAL,1.0,2000
real_kenya_general_early2,known_good,23,0.9948112048135402,ADMIT,1.0,2000
real_southafrica_general_early,known_good,238,0.5544453907766482,CONDITIONAL,1.0,2000
real_southafrica_general_early2,known_good,128,0.5390245859063546,CONDITIONAL,1.0,2000
real_southafrica_general_early3,known_good,24,0.9622025635408202,ADMIT,1.0,2000
real_malawi_general_early,known_good,20,0.9966767266641198,ADMIT,1.0,2000
real_malawi_general_early2,known_good,39,0.5916604420752472,CONDITIONAL,1.0,2000
real_russia_kurilislands_general_early,known_good,2060,0.6404768899491429,CONDITIONAL,1.0,2000
real_russia_kurilislands_general_early2,known_good,2704,0.6052786695197753,CONDITIONAL,1.0,2000
real_russia_kurilislands_general_early3,known_good,2077,0.5611434388629334,CONDITIONAL,1.0,2000
real_kazakhstan_general_early2,known_good,759,0.7013556757319386,CONDITIONAL,1.0,2000
real_kazakhstan_general_early3,known_good,450,0.6861045685602983,CONDITIONAL,1.0,2000
real_turkmenistan_general_early,known_good,186,0.7033864843885144,CONDITIONAL,1.0,2000
real_turkmenistan_general_early2,known_good,267,0.7108213267644324,CONDITIONAL,0.9985,2000
real_turkmenistan_general_early3,known_good,137,0.7313475199528854,CONDITIONAL,0.804,2000
real_russia_caucasus_general_early,known_good,75,0.719856072697181,CONDITIONAL,0.9475,2000
real_russia_caucasus_general_early2,known_good,72,0.4753945310217857,CONDITIONAL,1.0,2000
real_russia_caucasus_general_early3,known_good,24,0.9136349750116318,ADMIT,1.0,2000
real_azerbaijan_general_early,known_good,99,0.47997474272400314,CONDITIONAL,1.0,2000
real_azerbaijan_general_early2,known_good,96,0.5687241720048937,CONDITIONAL,1.0,2000
real_azerbaijan_general_early3,known_good,25,0.9965472850334509,ADMIT,1.0,2000
real_usa_yellowstone_general_early2,known_good,184,0.5087948688765508,CONDITIONAL,1.0,2000
real_usa_yellowstone_general_early3,known_good,101,0.5828667169992405,CONDITIONAL,1.0,2000
real_usa_newmadrid_general_early,known_good,124,0.6284202824790406,CONDITIONAL,1.0,2000
real_usa_newmadrid_general_early2,known_good,185,0.6389218438331378,CONDITIONAL,1.0,2000
real_usa_newmadrid_general_early3,known_good,27,0.9524617215097457,ADMIT,1.0,2000
real_usa_oklahoma_induced_general_early,known_good,25,0.9580294750817095,ADMIT,1.0,2000
real_usa_puertorico_general_early,known_good,242,0.6652892638870618,CONDITIONAL,1.0,2000
real_usa_puertorico_general_early2,known_good,44,0.7232320495067633,CONDITIONAL,0.926,2000
real_usa_puertorico_general_early3,known_good,15,0.9973525959560146,ADMIT,1.0,2000
real_canada_quebec_general_early,known_good,35,0.5269531315616981,CONDITIONAL,1.0,2000
real_canada_quebec_general_early2,known_good,41,0.5524116435449605,CONDITIONAL,1.0,2000
real_mexico_baja_general_early,known_good,99,0.6191196605271004,CONDITIONAL,1.0,2000
real_mexico_baja_general_early2,known_good,169,0.6493976614935718,CONDITIONAL,1.0,2000
real_mexico_baja_general_early3,known_good,232,0.6950350713511024,CONDITIONAL,1.0,2000
real_greenland_general_early,known_good,77,0.6226605737858114,CONDITIONAL,1.0,2000
real_greenland_general_early2,known_good,93,0.6652674933158444,CONDITIONAL,1.0,2000
real_greenland_general_early3,known_good,33,0.415259410800826,CONDITIONAL,1.0,2000
real_papuanewguinea_general_early,known_good,2296,0.6979802513505047,CONDITIONAL,1.0,2000
real_papuanewguinea_general_early2,known_good,2624,0.5815583604995964,CONDITIONAL,1.0,2000
real_papuanewguinea_general_early3,known_good,962,0.49355469708680627,CONDITIONAL,1.0,2000
real_newcaledonia_general_early,known_good,120,0.46496152170349936,CONDITIONAL,1.0,2000
real_newcaledonia_general_early2,known_good,156,0.6406049622770216,CONDITIONAL,1.0,2000
real_newcaledonia_general_early3,known_good,84,0.40534727204930093,CONDITIONAL,1.0,2000
real_tuvalu_kiribati_general_early2,known_good,204,0.5419237235321939,CONDITIONAL,1.0,2000
real_marianaislands_general_early,known_good,690,0.6698532782647797,CONDITIONAL,1.0,2000
real_marianaislands_general_early2,known_good,876,0.6975869186817016,CONDITIONAL,1.0,2000
real_marianaislands_general_early3,known_good,341,0.712098614158754,CONDITIONAL,0.9955,2000
real_guam_general_early,known_good,601,0.6588336894543702,CONDITIONAL,1.0,2000
real_guam_general_early2,known_good,516,0.5436306955228277,CONDITIONAL,1.0,2000
real_guam_general_early3,known_good,172,0.48130811752659663,CONDITIONAL,1.0,2000
real_indonesia_sumatra_general_early2,known_good,798,0.5513079089674069,CONDITIONAL,1.0,2000
real_indonesia_sumatra_general_early3,known_good,352,0.5592734844448257,CONDITIONAL,1.0,2000
real_indonesia_java_general_early,known_good,319,0.5811193672174777,CONDITIONAL,1.0,2000
real_indonesia_java_general_early2,known_good,377,0.5396618840492505,CONDITIONAL,1.0,2000
real_indonesia_java_general_early3,known_good,155,0.5214951045877368,CONDITIONAL,1.0,2000
real_cyprus_general_early,known_good,296,0.7023225335072653,CONDITIONAL,1.0,2000
real_cyprus_general_early2,known_good,42,0.5301446345042738,CONDITIONAL,1.0,2000
real_slovenia_general_early,known_good,540,0.7583719201433562,ADMIT,0.654,2000
real_slovenia_general_early2,known_good,201,0.5792452540715605,CONDITIONAL,1.0,2000
real_austria_general_early,known_good,382,0.5938441738982133,CONDITIONAL,1.0,2000
real_austria_general_early2,known_good,233,0.4820181292801268,CONDITIONAL,1.0,2000
real_poland_general_early,known_good,1575,0.4920033287259962,CONDITIONAL,1.0,2000
real_poland_general_early2,known_good,666,0.3703551276901507,CONDITIONAL,1.0,2000
real_myanmar_sagaing_general_early,known_good,270,0.7191936235194049,CONDITIONAL,0.9525,2000
real_myanmar_sagaing_general_early2,known_good,310,0.37093312095988873,CONDITIONAL,1.0,2000
real_myanmar_sagaing_general_early3,known_good,105,0.5306704259403306,CONDITIONAL,1.0,2000
real_laos_general_early,known_good,21,0.9979807225258596,ADMIT,1.0,2000
real_laos_general_early2,known_good,47,0.6897333051563077,CONDITIONAL,1.0,2000
real_thailand_general_early,known_good,20,0.9981343730686912,ADMIT,1.0,2000
real_thailand_general_early2,known_good,35,0.5623082170808458,CONDITIONAL,1.0,2000
real_vietnam_general_early,known_good,27,0.9916634405137625,ADMIT,1.0,2000
real_vietnam_general_early2,known_good,28,0.975083071053273,ADMIT,1.0,2000
real_philippines_luzon_general_early,known_good,531,0.5827757101164432,CONDITIONAL,1.0,2000
real_philippines_luzon_general_early2,known_good,823,0.7047911485445084,CONDITIONAL,1.0,2000
real_philippines_luzon_general_early3,known_good,287,0.6376501832939441,CONDITIONAL,1.0,2000
real_philippines_mindanao_general_early,known_good,1820,0.7157851930359445,CONDITIONAL,0.986,2000
real_philippines_mindanao_general_early2,known_good,1479,0.7116119218613219,CONDITIONAL,0.9955,2000
real_philippines_mindanao_general_early3,known_good,585,0.634127722754055,CONDITIONAL,1.0,2000
real_bhutan_general_early,known_good,19,0.9945467437029996,ADMIT,1.0,2000
real_italy_sicily_etna_general_early,known_good,115,0.45204075043551917,CONDITIONAL,1.0,2000
real_italy_sicily_etna_general_early2,known_good,55,0.5355058492528244,CONDITIONAL,1.0,2000
real_usa_nevada_basinrange_general_early,known_good,1062,0.719182115471675,CONDITIONAL,0.945,2000
real_usa_nevada_basinrange_general_early2,known_good,3001,0.6495350859094882,CONDITIONAL,1.0,2000
real_usa_nevada_basinrange_general_early3,known_good,1065,0.45350904499109,CONDITIONAL,1.0,2000
real_usa_utah_wasatch_general_early,known_good,149,0.7720857538323951,ADMIT,0.8605,2000
real_usa_utah_wasatch_general_early2,known_good,372,0.659854100387664,CONDITIONAL,1.0,2000
real_usa_utah_wasatch_general_early3,known_good,24,0.9980010284948114,ADMIT,1.0,2000
real_guadeloupe_martinique_general_early,known_good,171,0.6916429124245594,CONDITIONAL,1.0,2000
real_guadeloupe_martinique_general_early2,known_good,152,0.4140226544702,CONDITIONAL,1.0,2000
real_guadeloupe_martinique_general_early3,known_good,30,0.7881362539331699,ADMIT,1.0,2000
real_botswana_general_early,known_good,56,0.5371034231664356,CONDITIONAL,1.0,2000
real_botswana_general_early2,known_good,59,0.622788133453723,CONDITIONAL,1.0,2000
real_botswana_general_early3,known_good,20,0.9647703055747823,ADMIT,1.0,2000
real_ishikawa_202401,known_good,46,0.6551818911378625,CONDITIONAL,1.0,2000
real_japan_2023-,known_good,644,0.7474643906009415,CONDITIONAL,0.5445,2000
real_earthquake1,known_good,23232,0.5915524705303493,CONDITIONAL,1.0,2000
real_events_atkinson,known_good,5664,0.7247223036336344,CONDITIONAL,0.8955,2000
real_nankai_historical,known_good,13,0.869067175692862,ADMIT,1.0,2000
corrupt_real_all_month_coordinate_jitter_low,corrupted_real,10607,0.6210933140853429,CONDITIONAL,1.0,2000
corrupt_real_all_month_coordinate_jitter_high,corrupted_real,10607,0.5584530516428511,CONDITIONAL,1.0,2000
corrupt_real_japan_2000_2023_query_magnitude_gr_violation_low,corrupted_real,11132,0.6399923241625027,CONDITIONAL,1.0,2000
corrupt_real_japan_2000_2023_query_magnitude_gr_violation_high,corrupted_real,11132,0.6350916313217236,CONDITIONAL,1.0,2000
corrupt_real_usgs_main_inject_duplicates_low,corrupted_real,96279,0.5754581628320414,CONDITIONAL,1.0,2000
corrupt_real_usgs_main_inject_duplicates_high,corrupted_real,123570,0.5608350327736635,CONDITIONAL,1.0,2000
corrupt_nz_inject_missingness_low,corrupted_real,20648,0.4801855909305431,CONDITIONAL,1.0,2000
corrupt_nz_inject_missingness_med,corrupted_real,20648,0.4462180840200314,CONDITIONAL,1.0,2000
corrupt_nz_inject_missingness_high,corrupted_real,20648,0.33600055841719795,CONDITIONAL,1.0,2000
corrupt_chile_depth_implausible_low,corrupted_real,132964,0.45133761860347926,REJECT,1.0,2000
corrupt_chile_depth_implausible_high,corrupted_real,132964,0.45133761860347926,REJECT,1.0,2000
corrupt_real_morocco_20230908_query_timestamp_collision_low,corrupted_real,7009,0.706345130541159,CONDITIONAL,1.0,2000
corrupt_real_morocco_20230908_query_timestamp_collision_high,corrupted_real,7009,0.584388432095005,CONDITIONAL,1.0,2000
corrupt_real_tonga_20210101_20220117_query_coordinate_jitter_med,corrupted_real,3545,0.6132755161080811,CONDITIONAL,1.0,2000
corrupt_real_haiti_20210814_query_magnitude_gr_violation_med,corrupted_real,215,0.607579877681627,CONDITIONAL,1.0,2000
corrupt_real_earthquake1_inject_duplicates_med,corrupted_real,32989,0.5399410257592113,CONDITIONAL,1.0,2000
corrupt_real_events_atkinson_inject_missingness_med,corrupted_real,5664,0.4788474473236662,CONDITIONAL,1.0,2000
corrupt_real_greece_2024_2025_timestamp_collision_med,corrupted_real,282,0.5424194038617445,CONDITIONAL,1.0,2000
corrupt_real_taiwan_2024_query_depth_implausible_med,corrupted_real,378,0.6637717343262681,REJECT,1.0,2000
corrupt_real_chiapas_mexico_2017_inject_duplicates_med,corrupted_real,758,0.6340124579420495,CONDITIONAL,1.0,2000
corrupt_real_kahramanmaras_turkey_2023_timestamp_collision_med,corrupted_real,488,0.699297266804711,CONDITIONAL,1.0,2000
corrupt_real_gorkha_nepal_2015_magnitude_gr_violation_med,corrupted_real,259,0.6218674593348619,CONDITIONAL,1.0,2000
corrupt_real_png_highlands_2018_coordinate_jitter_med,corrupted_real,301,0.7017173856005343,CONDITIONAL,1.0,2000
corrupt_real_china_sichuan_2008_coordinate_jitter_low,corrupted_real,717,0.6421092023106645,CONDITIONAL,1.0,2000
corrupt_real_india_kashmir_2005_magnitude_gr_violation_med,corrupted_real,519,0.6477621668369846,CONDITIONAL,1.0,2000
corrupt_real_colombia_andes_general_inject_duplicates_high,corrupted_real,1141,0.5847678224983758,CONDITIONAL,1.0,2000
corrupt_real_guatemala_general_inject_missingness_low,corrupted_real,1642,0.5975848947823017,CONDITIONAL,1.0,2000
corrupt_real_puertorico_2020_ponce_depth_implausible_med,corrupted_real,1253,0.5926741408729831,REJECT,1.0,2000
corrupt_real_croatia_petrinja_2020_timestamp_collision_high,corrupted_real,18,0.9251956572603259,ADMIT,1.0,2000
corrupt_real_tanzania_rift_general_coordinate_jitter_low,corrupted_real,223,0.4343991983782122,CONDITIONAL,1.0,2000
corrupt_real_iraq_halabja_2017_magnitude_gr_violation_med,corrupted_real,63,0.6038118086973625,CONDITIONAL,1.0,2000
corrupt_real_russia_sakhalin_general_inject_duplicates_high,corrupted_real,337,0.7304058716614039,CONDITIONAL,0.818,2000
corrupt_real_usa_hawaii_kilauea_2018_inject_missingness_low,corrupted_real,2170,0.5109355377935549,CONDITIONAL,1.0,2000
corrupt_real_usa_cascadia_general_depth_implausible_med,corrupted_real,844,0.7171313131865658,REJECT,1.0,2000
corrupt_real_australia_general_timestamp_collision_high,corrupted_real,619,0.5731264907615801,CONDITIONAL,1.0,2000
corrupt_real_vanuatu_general_coordinate_jitter_low,corrupted_real,2484,0.6034870259753763,CONDITIONAL,1.0,2000
corrupt_real_centralasia_kyrgyzstan_tajikistan_magnitude_gr_violation_med,corrupted_real,3204,0.6262358152572491,CONDITIONAL,1.0,2000
corrupt_real_china_qinghai_yushu_2010_inject_duplicates_high,corrupted_real,49,0.37671993789386277,CONDITIONAL,1.0,2000
corrupt_real_india_andaman_general_inject_missingness_low,corrupted_real,1504,0.6332312506732648,CONDITIONAL,1.0,2000
corrupt_real_pakistan_general_depth_implausible_med,corrupted_real,1449,0.7350216822808011,REJECT,1.0,2000
corrupt_real_ecuador_general_timestamp_collision_high,corrupted_real,933,0.4060670778639166,CONDITIONAL,1.0,2000
corrupt_real_chile_maule_2010_coordinate_jitter_low,corrupted_real,948,0.5636817070268328,CONDITIONAL,1.0,2000
corrupt_real_venezuela_general_magnitude_gr_violation_med,corrupted_real,502,0.6554652665201772,CONDITIONAL,1.0,2000
corrupt_real_mexico_oaxaca_general_inject_duplicates_high,corrupted_real,3785,0.5579780398220311,CONDITIONAL,1.0,2000
corrupt_real_iceland_general_inject_missingness_low,corrupted_real,631,0.405682853405523,CONDITIONAL,1.0,2000
corrupt_real_switzerland_general_depth_implausible_med,corrupted_real,625,0.5698792523633547,REJECT,1.0,2000
corrupt_real_turkey_izmit_1999_timestamp_collision_high,corrupted_real,128,0.5134290846788501,CONDITIONAL,1.0,2000
corrupt_real_france_general_coordinate_jitter_low,corrupted_real,584,0.6259793365567135,CONDITIONAL,1.0,2000
corrupt_real_germany_general_magnitude_gr_violation_med,corrupted_real,1634,0.6165836585834087,CONDITIONAL,1.0,2000
corrupt_real_iran_bam_2003_inject_duplicates_high,corrupted_real,28,0.8845889281931443,ADMIT,1.0,2000
corrupt_real_yemen_general_inject_missingness_low,corrupted_real,396,0.7114520118853636,CONDITIONAL,0.9965,2000
corrupt_real_syria_general_depth_implausible_med,corrupted_real,83,0.7211724907272336,REJECT,1.0,2000
corrupt_real_ethiopia_general_timestamp_collision_high,corrupted_real,588,0.6184796690509897,CONDITIONAL,1.0,2000
corrupt_real_algeria_boumerdes_2003_coordinate_jitter_low,corrupted_real,227,0.6187780707454645,CONDITIONAL,1.0,2000
corrupt_real_southafrica_general_magnitude_gr_violation_med,corrupted_real,249,0.6644693674563249,CONDITIONAL,1.0,2000
corrupt_real_russia_kurilislands_general_inject_duplicates_high,corrupted_real,1904,0.5656189584108323,CONDITIONAL,1.0,2000
corrupt_real_kazakhstan_general_inject_missingness_low,corrupted_real,1024,0.6074594949961097,CONDITIONAL,1.0,2000
corrupt_real_usa_yellowstone_general_depth_implausible_med,corrupted_real,500,0.717793264891876,REJECT,1.0,2000
corrupt_real_usa_oklahoma_induced_general_timestamp_collision_high,corrupted_real,2563,0.6298565544284208,CONDITIONAL,1.0,2000
corrupt_real_usa_puertorico_general_coordinate_jitter_low,corrupted_real,709,0.717702608718877,CONDITIONAL,0.97,2000
corrupt_real_canada_quebec_general_magnitude_gr_violation_med,corrupted_real,222,0.6493539762467507,CONDITIONAL,1.0,2000
corrupt_real_greenland_general_inject_duplicates_high,corrupted_real,642,0.7005746353231059,CONDITIONAL,1.0,2000
corrupt_real_newzealand_kaikoura_2016_inject_missingness_low,corrupted_real,318,0.6884212791599157,CONDITIONAL,1.0,2000
corrupt_real_papuanewguinea_general_depth_implausible_med,corrupted_real,4590,0.5656882255045665,REJECT,1.0,2000
corrupt_real_indonesia_sumatra_general_timestamp_collision_high,corrupted_real,4599,0.627479260709823,CONDITIONAL,1.0,2000
corrupt_real_indonesia_java_general_coordinate_jitter_low,corrupted_real,661,0.4177290279137863,CONDITIONAL,1.0,2000
corrupt_real_northkorea_general_magnitude_gr_violation_med,corrupted_real,19,0.9575008976360684,ADMIT,1.0,2000
corrupt_real_china_xinjiang_general_inject_duplicates_high,corrupted_real,791,0.7059939596365448,CONDITIONAL,0.9995,2000
corrupt_real_bangladesh_general_inject_missingness_low,corrupted_real,135,0.5316405541489208,CONDITIONAL,1.0,2000
corrupt_real_nepal_sikkim_general_depth_implausible_med,corrupted_real,64,0.6180719173738356,REJECT,1.0,2000
corrupt_real_honduras_general_timestamp_collision_high,corrupted_real,521,0.5623621653998145,CONDITIONAL,1.0,2000
corrupt_real_romania_vrancea_general_coordinate_jitter_low,corrupted_real,215,0.5016016673769428,CONDITIONAL,1.0,2000
corrupt_real_malawi_general_magnitude_gr_violation_med,corrupted_real,70,0.713295247935952,CONDITIONAL,0.9975,2000
corrupt_real_202505_tokyo_coordinate_jitter_low,corrupted_real,2,0.9975121015552125,ADMIT,1.0,2000
corrupt_real_202506_turkey_magnitude_gr_violation_med,corrupted_real,6,0.9976687907366212,ADMIT,1.0,2000
corrupt_real_202507_Kamchatka_inject_duplicates_high,corrupted_real,408,0.5198823962052452,CONDITIONAL,1.0,2000
corrupt_real_202509_Kamchatka_inject_missingness_low,corrupted_real,2665,0.6688139916885001,CONDITIONAL,1.0,2000
corrupt_real_202510_philippines_depth_implausible_med,corrupted_real,59,0.5609100086372706,REJECT,1.0,2000
corrupt_real_2025_03_myanmar_timestamp_collision_high,corrupted_real,43,0.2254830226752128,CONDITIONAL,0.906,2000
corrupt_real_202604_tohoku_japan_coordinate_jitter_low,corrupted_real,30,0.527613599495879,CONDITIONAL,1.0,2000
corrupt_real_202606_philippines_magnitude_gr_violation_med,corrupted_real,47,0.5396413135565166,CONDITIONAL,1.0,2000
corrupt_real_afghanistan_20231008_query_inject_duplicates_high,corrupted_real,536,0.566315861382194,CONDITIONAL,1.0,2000
corrupt_real_afghanistan_20231015_query_inject_missingness_low,corrupted_real,372,0.45324266849843653,CONDITIONAL,1.0,2000
corrupt_real_afghanistan_2025_09_01_depth_implausible_med,corrupted_real,26,0.31192946171417446,REJECT,1.0,2000
corrupt_real_ishikawa_202401_query_timestamp_collision_high,corrupted_real,169,0.5225437325965845,CONDITIONAL,1.0,2000
corrupt_real_ishikawa_202411_query_coordinate_jitter_low,corrupted_real,4,0.9904886142991335,ADMIT,1.0,2000
corrupt_real_ishikawa_2024_query_magnitude_gr_violation_med,corrupted_real,120,0.6452797123898134,CONDITIONAL,1.0,2000
corrupt_real_japan-20190101_20211203_query_inject_duplicates_high,corrupted_real,4132,0.6078851291322441,CONDITIONAL,1.0,2000
corrupt_real_japan_20190101-20211009_query_inject_missingness_low,corrupted_real,1850,0.5774878042103012,CONDITIONAL,1.0,2000
corrupt_real_japan_20220317_query_depth_implausible_med,corrupted_real,6,0.9933450566848201,ADMIT,1.0,2000
corrupt_real_japan_20220319_query_timestamp_collision_high,corrupted_real,32,0.22879254600067112,CONDITIONAL,0.941,2000
corrupt_real_japan_saitama_202407_202501_coordinate_jitter_low,corrupted_real,17,0.9958976589871995,ADMIT,1.0,2000
corrupt_real_miyazaki_2024-2025_magnitude_gr_violation_med,corrupted_real,46,0.7517957684960247,ADMIT,0.537,2000
corrupt_real_peru_20250616_inject_duplicates_high,corrupted_real,41,0.43498021456280034,CONDITIONAL,1.0,2000
corrupt_real_potvilla_2024012_inject_missingness_low,corrupted_real,21,0.3003440720047087,CONDITIONAL,1.0,2000
corrupt_real_taiwan_20240403_query_depth_implausible_med,corrupted_real,9,0.31428971904603126,REJECT,1.0,2000
corrupt_real_taiwan_20240423_query_timestamp_collision_high,corrupted_real,207,0.45234422417184594,CONDITIONAL,1.0,2000
corrupt_real_taiwan_202501_coordinate_jitter_low,corrupted_real,25,0.9908467155496237,ADMIT,1.0,2000
corrupt_real_tibet_202501_magnitude_gr_violation_med,corrupted_real,19,0.31060073484886774,CONDITIONAL,1.0,2000
corrupt_real_tohoku_2005_2011_inject_duplicates_high,corrupted_real,4522,0.5275262568226946,CONDITIONAL,1.0,2000
corrupt_real_tohoku_202511_inject_missingness_low,corrupted_real,67,0.7709104675168901,ADMIT,0.851,2000
corrupt_real_tohoku_202512_depth_implausible_med,corrupted_real,117,0.6717474586612254,REJECT,1.0,2000
corrupt_real_tohoku_202606_timestamp_collision_high,corrupted_real,29,0.9105293798144479,ADMIT,1.0,2000
corrupt_real_tokara_202506_coordinate_jitter_low,corrupted_real,91,0.43084403611205896,CONDITIONAL,1.0,2000
corrupt_real_turkey_202504_magnitude_gr_violation_med,corrupted_real,8,0.3144091607090723,CONDITIONAL,1.0,2000
corrupt_real_usgs_current_inject_duplicates_high,corrupted_real,298,0.7373724372896922,CONDITIONAL,0.703,2000
corrupt_real_venezuela_202606_inject_missingness_low,corrupted_real,10,0.9929944014900073,ADMIT,1.0,2000
corrupt_real_yamanashi_202606_depth_implausible_med,corrupted_real,10,0.9943717577826385,REJECT,1.0,2000
corrupt_real_indonesia_palu_2018_timestamp_collision_high,corrupted_real,155,0.6934886144212523,CONDITIONAL,1.0,2000
corrupt_real_ridgecrest_california_2019_coordinate_jitter_low,corrupted_real,108,0.7823153245802049,ADMIT,0.988,2000
corrupt_real_amatrice_norcia_italy_2016_magnitude_gr_violation_med,corrupted_real,72,0.6270904286206195,CONDITIONAL,1.0,2000
corrupt_real_anchorage_alaska_2018_inject_duplicates_high,corrupted_real,70,0.6542944732113979,CONDITIONAL,1.0,2000
corrupt_real_haiti_2010_inject_missingness_low,corrupted_real,99,0.5596738171054145,CONDITIONAL,1.0,2000
corrupt_real_kermanshah_iran_2017_depth_implausible_med,corrupted_real,90,0.7161435478129434,REJECT,1.0,2000
corrupt_real_muisne_pedernales_ecuador_2016_timestamp_collision_high,corrupted_real,87,0.4874799634640602,CONDITIONAL,1.0,2000
corrupt_real_china_yunnan_general_coordinate_jitter_low,corrupted_real,114,0.6161875364321259,CONDITIONAL,1.0,2000
corrupt_real_india_gujarat_bhuj_2001_magnitude_gr_violation_med,corrupted_real,99,0.5711358848279781,CONDITIONAL,1.0,2000
corrupt_real_india_assam_general_inject_duplicates_high,corrupted_real,416,0.591523665351928,CONDITIONAL,1.0,2000
corrupt_real_pakistan_balochistan_2013_inject_missingness_low,corrupted_real,46,0.6796763603985473,CONDITIONAL,1.0,2000
corrupt_real_argentina_sanjuan_general_depth_implausible_med,corrupted_real,1054,0.6599820564611317,REJECT,1.0,2000
corrupt_real_bolivia_deep_general_timestamp_collision_high,corrupted_real,960,0.5025685148228418,CONDITIONAL,1.0,2000
corrupt_real_elsalvador_2001_coordinate_jitter_low,corrupted_real,142,0.5423738308226074,CONDITIONAL,1.0,2000
corrupt_real_costarica_general_magnitude_gr_violation_med,corrupted_real,612,0.615356664618748,CONDITIONAL,1.0,2000
corrupt_real_panama_general_inject_duplicates_high,corrupted_real,836,0.5613912480588408,CONDITIONAL,1.0,2000
corrupt_real_dominicanrepublic_general_inject_missingness_low,corrupted_real,323,0.3746675245370624,CONDITIONAL,1.0,2000
corrupt_real_albania_durres_2019_depth_implausible_med,corrupted_real,65,0.6932919040866563,REJECT,1.0,2000
corrupt_real_portugal_azores_general_timestamp_collision_high,corrupted_real,163,0.4798340205739914,CONDITIONAL,1.0,2000
corrupt_real_drc_rift_general_coordinate_jitter_low,corrupted_real,137,0.5757961127673804,CONDITIONAL,1.0,2000
corrupt_real_mozambique_general_magnitude_gr_violation_med,corrupted_real,18,0.9962197447856469,ADMIT,1.0,2000
corrupt_real_lebanon_general_inject_duplicates_high,corrupted_real,37,0.1842027634289568,REJECT,0.7315,2000
corrupt_real_russia_baikal_general_inject_missingness_low,corrupted_real,114,0.6128492070825301,CONDITIONAL,1.0,2000
corrupt_real_usa_california_southnapa_2014_depth_implausible_med,corrupted_real,25,0.9369885925482709,REJECT,1.0,2000
corrupt_real_canada_britishcolumbia_general_timestamp_collision_high,corrupted_real,641,0.40270954710267526,CONDITIONAL,1.0,2000
corrupt_real_solomonislands_general_coordinate_jitter_low,corrupted_real,2116,0.6972543033426613,CONDITIONAL,1.0,2000
corrupt_real_fiji_general_magnitude_gr_violation_med,corrupted_real,195,0.715969024336842,CONDITIONAL,0.9815,2000
corrupt_real_samoa_general_inject_duplicates_high,corrupted_real,266,0.6808235912484701,CONDITIONAL,1.0,2000
corrupt_real_uzbekistan_general_inject_missingness_low,corrupted_real,134,0.6826627364634918,CONDITIONAL,1.0,2000
corrupt_real_mongolia_gobialtai_general_depth_implausible_med,corrupted_real,70,0.7131457624314397,REJECT,1.0,2000
corrupt_real_china_gansu_general_timestamp_collision_high,corrupted_real,72,0.43559898018792964,CONDITIONAL,1.0,2000
corrupt_real_china_taiwanstrait_general_coordinate_jitter_low,corrupted_real,105,0.5278875797996941,CONDITIONAL,1.0,2000
corrupt_real_china_hebei_general_magnitude_gr_violation_med,corrupted_real,27,0.9734557371616215,ADMIT,1.0,2000
corrupt_real_china_shanxi_general_inject_duplicates_high,corrupted_real,52,0.5679206434042954,CONDITIONAL,1.0,2000
corrupt_real_china_tibet_plateau_general_inject_missingness_low,corrupted_real,864,0.6495001767269082,CONDITIONAL,1.0,2000
corrupt_real_india_uttarakhand_general_depth_implausible_med,corrupted_real,103,0.5775405414704504,REJECT,1.0,2000
corrupt_real_colombia_armenia_1999_timestamp_collision_high,corrupted_real,18,0.9256079946236284,ADMIT,1.0,2000
corrupt_real_peru_pisco_2007_coordinate_jitter_low,corrupted_real,138,0.6487661976419271,CONDITIONAL,1.0,2000
corrupt_real_peru_arequipa_2001_magnitude_gr_violation_med,corrupted_real,238,0.6047920124758551,CONDITIONAL,1.0,2000
corrupt_real_chile_iquique_2014_inject_duplicates_high,corrupted_real,1012,0.5832146269697439,CONDITIONAL,1.0,2000
corrupt_real_nicaragua_general_inject_missingness_low,corrupted_real,945,0.39869242647341163,CONDITIONAL,1.0,2000
corrupt_real_cuba_general_depth_implausible_med,corrupted_real,75,0.5850891634790936,REJECT,1.0,2000
corrupt_real_trinidadtobago_general_timestamp_collision_high,corrupted_real,103,0.5227078632818835,CONDITIONAL,1.0,2000
corrupt_real_iceland_reykjanes_2021_coordinate_jitter_low,corrupted_real,43,0.5448549058014112,CONDITIONAL,1.0,2000
corrupt_real_norway_general_magnitude_gr_violation_med,corrupted_real,26,0.9575627596130484,ADMIT,1.0,2000
corrupt_real_bulgaria_general_inject_duplicates_high,corrupted_real,210,0.6559650141591488,CONDITIONAL,1.0,2000
corrupt_real_turkey_van_2011_inject_missingness_low,corrupted_real,162,0.6707743036276236,CONDITIONAL,1.0,2000
corrupt_real_iran_ahar_varzaghan_2012_depth_implausible_med,corrupted_real,45,0.7632446907014923,REJECT,1.0,2000
corrupt_real_jordan_general_timestamp_collision_high,corrupted_real,42,0.2276639586942531,CONDITIONAL,0.9235,2000
corrupt_real_israel_deadsea_general_coordinate_jitter_low,corrupted_real,45,0.4640055000693617,CONDITIONAL,1.0,2000
corrupt_real_egypt_general_magnitude_gr_violation_med,corrupted_real,54,0.6204802498394307,CONDITIONAL,1.0,2000
corrupt_real_kenya_general_inject_duplicates_high,corrupted_real,225,0.5961541334110937,CONDITIONAL,1.0,2000
corrupt_real_morocco_alhoceima_2004_inject_missingness_low,corrupted_real,594,0.6382635351956045,CONDITIONAL,1.0,2000
corrupt_real_madagascar_general_depth_implausible_med,corrupted_real,262,0.46035014144019365,REJECT,1.0,2000
corrupt_real_turkmenistan_general_timestamp_collision_high,corrupted_real,319,0.5458729499604742,CONDITIONAL,1.0,2000
corrupt_real_russia_caucasus_general_coordinate_jitter_low,corrupted_real,189,0.5230670512049205,CONDITIONAL,1.0,2000
corrupt_real_azerbaijan_general_magnitude_gr_violation_med,corrupted_real,310,0.7815944572808501,ADMIT,0.9835,2000
corrupt_real_usa_newmadrid_general_inject_duplicates_high,corrupted_real,561,0.6305119089054596,CONDITIONAL,1.0,2000
corrupt_real_mexico_baja_general_inject_missingness_low,corrupted_real,464,0.6877258678167644,CONDITIONAL,1.0,2000
corrupt_real_newcaledonia_general_depth_implausible_med,corrupted_real,971,0.6489815793606211,REJECT,1.0,2000
corrupt_real_marianaislands_general_timestamp_collision_high,corrupted_real,1830,0.681409451732009,CONDITIONAL,1.0,2000
corrupt_real_guam_general_coordinate_jitter_low,corrupted_real,1536,0.4725625123308729,CONDITIONAL,1.0,2000
corrupt_real_china_yunnan_general_early_magnitude_gr_violation_med,corrupted_real,88,0.6636390823739089,CONDITIONAL,1.0,2000
corrupt_real_china_xinjiang_general_early_inject_duplicates_high,corrupted_real,649,0.7265295763606964,CONDITIONAL,0.8725,2000
corrupt_real_india_assam_general_early_inject_missingness_low,corrupted_real,113,0.6413869861321987,CONDITIONAL,1.0,2000
fabricated_naive_1,fabricated,1500,0.2923259514422518,CONDITIONAL,1.0,2000
fabricated_naive_2,fabricated,800,0.29048347521176154,CONDITIONAL,1.0,2000
fabricated_sophisticated_1,fabricated,1500,0.41722338486399535,CONDITIONAL,1.0,2000
fabricated_sophisticated_2,fabricated,3000,0.4041588216436536,CONDITIONAL,1.0,2000
fabricated_sophisticated_3,fabricated,2000,0.4018486951659044,CONDITIONAL,1.0,2000
fabricated_naive_3,fabricated,1200,0.2928603014366336,CONDITIONAL,1.0,2000
fabricated_naive_4,fabricated,2000,0.2988463951605234,CONDITIONAL,1.0,2000
fabricated_naive_5,fabricated,600,0.2990336296500624,CONDITIONAL,1.0,2000
fabricated_naive_6,fabricated,900,0.2949118227796484,CONDITIONAL,1.0,2000
fabricated_naive_7,fabricated,1700,0.29732185472792005,CONDITIONAL,1.0,2000
fabricated_naive_8,fabricated,1100,0.2930536067524387,CONDITIONAL,1.0,2000
fabricated_sophisticated_4,fabricated,1000,0.415087992429501,CONDITIONAL,1.0,2000
fabricated_sophisticated_5,fabricated,2500,0.41346948831824293,CONDITIONAL,1.0,2000
fabricated_sophisticated_6,fabricated,1800,0.42134192716592694,CONDITIONAL,1.0,2000
fabricated_sophisticated_7,fabricated,3500,0.40661412935960833,CONDITIONAL,1.0,2000
fabricated_sophisticated_8,fabricated,1300,0.4397505476788389,CONDITIONAL,1.0,2000
fabricated_sophisticated_9,fabricated,2200,0.4189061046271872,CONDITIONAL,1.0,2000
fabricated_level1_1,fabricated,1500,0.29610151234936344,CONDITIONAL,1.0,2000
fabricated_level1_2,fabricated,1500,0.2755347653816088,CONDITIONAL,1.0,2000
fabricated_level1_3,fabricated,1500,0.2966123759594446,CONDITIONAL,1.0,2000
fabricated_level1_4,fabricated,1500,0.3002998604905809,CONDITIONAL,1.0,2000
fabricated_level1_5,fabricated,1500,0.2923865452571965,CONDITIONAL,1.0,2000
fabricated_level1_6,fabricated,1500,0.2939360553254701,CONDITIONAL,1.0,2000
fabricated_level1_7,fabricated,1500,0.2944507149269135,CONDITIONAL,1.0,2000
fabricated_level1_8,fabricated,1500,0.2943449003405025,CONDITIONAL,1.0,2000
fabricated_level1_9,fabricated,1500,0.29414094406685287,CONDITIONAL,1.0,2000
fabricated_level1_10,fabricated,1500,0.29257216819179677,CONDITIONAL,1.0,2000
fabricated_level1_11,fabricated,1500,0.2950938928370467,CONDITIONAL,1.0,2000
fabricated_level1_12,fabricated,1500,0.2937977737550104,CONDITIONAL,1.0,2000
fabricated_level1_13,fabricated,1500,0.2922534731254631,CONDITIONAL,1.0,2000
fabricated_level1_14,fabricated,1500,0.274337634589651,CONDITIONAL,1.0,2000
fabricated_level1_15,fabricated,1500,0.2923723202987714,CONDITIONAL,1.0,2000
fabricated_level1_16,fabricated,1500,0.2911723689324641,CONDITIONAL,1.0,2000
fabricated_level1_17,fabricated,1500,0.29746775652680224,CONDITIONAL,1.0,2000
fabricated_level1_18,fabricated,1500,0.29514199983497424,CONDITIONAL,1.0,2000
fabricated_level1_19,fabricated,1500,0.2948937674722901,CONDITIONAL,1.0,2000
fabricated_level1_20,fabricated,1500,0.2916028522260059,CONDITIONAL,1.0,2000
fabricated_level1_21,fabricated,1500,0.293482139415053,CONDITIONAL,1.0,2000
fabricated_level1_22,fabricated,1500,0.2447259938335132,CONDITIONAL,0.9945,2000
fabricated_level1_23,fabricated,1500,0.2420797725667995,CONDITIONAL,0.99,2000
fabricated_level1_24,fabricated,1500,0.2933094287137383,CONDITIONAL,1.0,2000
fabricated_level1_25,fabricated,1500,0.2932455824725875,CONDITIONAL,1.0,2000
fabricated_level1_26,fabricated,1500,0.2955103302478326,CONDITIONAL,1.0,2000
fabricated_level1_27,fabricated,1500,0.29200797381367954,CONDITIONAL,1.0,2000
fabricated_level1_28,fabricated,1500,0.291154078839607,CONDITIONAL,1.0,2000
fabricated_level1_29,fabricated,1500,0.2989294668047676,CONDITIONAL,1.0,2000
fabricated_level1_30,fabricated,1500,0.29640853110490417,CONDITIONAL,1.0,2000
fabricated_level2_1,fabricated,1500,0.2838873545591687,CONDITIONAL,1.0,2000
fabricated_level2_2,fabricated,1500,0.30426426688390806,CONDITIONAL,1.0,2000
fabricated_level2_3,fabricated,1500,0.2964753191533528,CONDITIONAL,1.0,2000
fabricated_level2_4,fabricated,1500,0.2927440467763788,CONDITIONAL,1.0,2000
fabricated_level2_5,fabricated,1500,0.2858042042044548,CONDITIONAL,1.0,2000
fabricated_level2_6,fabricated,1500,0.28487816757234913,CONDITIONAL,1.0,2000
fabricated_level2_7,fabricated,1500,0.29769329041560877,CONDITIONAL,1.0,2000
fabricated_level2_8,fabricated,1500,0.2930553855086091,CONDITIONAL,1.0,2000
fabricated_level2_9,fabricated,1500,0.2413807509107278,CONDITIONAL,0.9855,2000
fabricated_level2_10,fabricated,1500,0.2830359373597125,CONDITIONAL,1.0,2000
fabricated_level2_11,fabricated,1500,0.2878312172398866,CONDITIONAL,1.0,2000
fabricated_level2_12,fabricated,1500,0.2938303983636406,CONDITIONAL,1.0,2000
fabricated_level2_13,fabricated,1500,0.2909495921420749,CONDITIONAL,1.0,2000
fabricated_level2_14,fabricated,1500,0.2934899587061799,CONDITIONAL,1.0,2000
fabricated_level2_15,fabricated,1500,0.2918675588915201,CONDITIONAL,1.0,2000
fabricated_level2_16,fabricated,1500,0.29448186847728225,CONDITIONAL,1.0,2000
fabricated_level2_17,fabricated,1500,0.29747897004272045,CONDITIONAL,1.0,2000
fabricated_level2_18,fabricated,1500,0.2777765343464037,CONDITIONAL,1.0,2000
fabricated_level2_19,fabricated,1500,0.29745502017867465,CONDITIONAL,1.0,2000
fabricated_level2_20,fabricated,1500,0.24357004924737852,CONDITIONAL,0.992,2000
fabricated_level2_21,fabricated,1500,0.30322138022274087,CONDITIONAL,1.0,2000
fabricated_level2_22,fabricated,1500,0.29243058398253813,CONDITIONAL,1.0,2000
fabricated_level2_23,fabricated,1500,0.3009051384575295,CONDITIONAL,1.0,2000
fabricated_level2_24,fabricated,1500,0.2896440639540689,CONDITIONAL,1.0,2000
fabricated_level2_25,fabricated,1500,0.2983165237784523,CONDITIONAL,1.0,2000
fabricated_level2_26,fabricated,1500,0.30211929522932557,CONDITIONAL,1.0,2000
fabricated_level2_27,fabricated,1500,0.2971917345524489,CONDITIONAL,1.0,2000
fabricated_level2_28,fabricated,1500,0.30882947009629913,CONDITIONAL,1.0,2000
fabricated_level2_29,fabricated,1500,0.2885910584799222,CONDITIONAL,1.0,2000
fabricated_level2_30,fabricated,1500,0.29076040441964524,CONDITIONAL,1.0,2000
fabricated_level3_1,fabricated,1500,0.2971170720306683,CONDITIONAL,1.0,2000
fabricated_level3_2,fabricated,1500,0.2828539320522419,CONDITIONAL,1.0,2000
fabricated_level3_3,fabricated,1500,0.29913043425975017,CONDITIONAL,1.0,2000
fabricated_level3_4,fabricated,1500,0.2910893770126002,CONDITIONAL,1.0,2000
fabricated_level3_5,fabricated,1500,0.2900322546469909,CONDITIONAL,1.0,2000
fabricated_level3_6,fabricated,1500,0.3031875106686397,CONDITIONAL,1.0,2000
fabricated_level3_7,fabricated,1500,0.2943836766364975,CONDITIONAL,1.0,2000
fabricated_level3_8,fabricated,1500,0.3284486973063445,CONDITIONAL,1.0,2000
fabricated_level3_9,fabricated,1500,0.2890708711755865,CONDITIONAL,1.0,2000
fabricated_level3_10,fabricated,1500,0.29327388820215616,CONDITIONAL,1.0,2000
fabricated_level3_11,fabricated,1500,0.280583639056788,CONDITIONAL,1.0,2000
fabricated_level3_12,fabricated,1500,0.30045546370900317,CONDITIONAL,1.0,2000
fabricated_level3_13,fabricated,1500,0.28154777961765304,CONDITIONAL,1.0,2000
fabricated_level3_14,fabricated,1500,0.28852977306858224,CONDITIONAL,1.0,2000
fabricated_level3_15,fabricated,1500,0.29437313591027126,CONDITIONAL,1.0,2000
fabricated_level3_16,fabricated,1500,0.3007256670809111,CONDITIONAL,1.0,2000
fabricated_level3_17,fabricated,1500,0.29855951521149265,CONDITIONAL,1.0,2000
fabricated_level3_18,fabricated,1500,0.2912382701049125,CONDITIONAL,1.0,2000
fabricated_level3_19,fabricated,1500,0.29627711229916204,CONDITIONAL,1.0,2000
fabricated_level3_20,fabricated,1500,0.2905409348098169,CONDITIONAL,1.0,2000
fabricated_level3_21,fabricated,1500,0.3023846195696385,CONDITIONAL,1.0,2000
fabricated_level3_22,fabricated,1500,0.2822159102301731,CONDITIONAL,1.0,2000
fabricated_level3_23,fabricated,1500,0.29281216399511956,CONDITIONAL,1.0,2000
fabricated_level3_24,fabricated,1500,0.2873666419993726,CONDITIONAL,1.0,2000
fabricated_level3_25,fabricated,1500,0.2948769022816304,CONDITIONAL,1.0,2000
fabricated_level3_26,fabricated,1500,0.29098592723304706,CONDITIONAL,1.0,2000
fabricated_level3_27,fabricated,1500,0.2898274683767963,CONDITIONAL,1.0,2000
fabricated_level3_28,fabricated,1500,0.298445013289353,CONDITIONAL,1.0,2000
fabricated_level3_29,fabricated,1500,0.2960916298383932,CONDITIONAL,1.0,2000
fabricated_level3_30,fabricated,1500,0.29504006802455807,CONDITIONAL,1.0,2000
fabricated_level4_1,fabricated,1500,0.34645757066969357,CONDITIONAL,1.0,2000
fabricated_level4_2,fabricated,1500,0.4169803505134937,CONDITIONAL,1.0,2000
fabricated_level4_3,fabricated,1500,0.41931854412225983,CONDITIONAL,1.0,2000
fabricated_level4_4,fabricated,1500,0.4136702521088973,CONDITIONAL,1.0,2000
fabricated_level4_5,fabricated,1500,0.41811391087386773,CONDITIONAL,1.0,2000
fabricated_level4_6,fabricated,1500,0.4165482145961185,CONDITIONAL,1.0,2000
fabricated_level4_7,fabricated,1500,0.4151071791881582,CONDITIONAL,1.0,2000
fabricated_level4_8,fabricated,1500,0.39737761331308374,CONDITIONAL,1.0,2000
fabricated_level4_9,fabricated,1500,0.41390269206638536,CONDITIONAL,1.0,2000
fabricated_level4_10,fabricated,1500,0.41975200337275576,CONDITIONAL,1.0,2000
fabricated_level4_11,fabricated,1500,0.41798674012599624,CONDITIONAL,1.0,2000
fabricated_level4_12,fabricated,1500,0.4105077608163865,CONDITIONAL,1.0,2000
fabricated_level4_13,fabricated,1500,0.40009088078669935,CONDITIONAL,1.0,2000
fabricated_level4_14,fabricated,1500,0.41548840377253765,CONDITIONAL,1.0,2000
fabricated_level4_15,fabricated,1500,0.4046434996833945,CONDITIONAL,1.0,2000
fabricated_level4_16,fabricated,1500,0.4027783709177383,CONDITIONAL,1.0,2000
fabricated_level4_17,fabricated,1500,0.4092377235603382,CONDITIONAL,1.0,2000
fabricated_level4_18,fabricated,1500,0.40603705664640427,CONDITIONAL,1.0,2000
fabricated_level4_19,fabricated,1500,0.4015028989177837,CONDITIONAL,1.0,2000
fabricated_level4_20,fabricated,1500,0.40609522458321357,CONDITIONAL,1.0,2000
fabricated_level4_21,fabricated,1500,0.40019252894401636,CONDITIONAL,1.0,2000
fabricated_level4_22,fabricated,1500,0.3996309160328567,CONDITIONAL,1.0,2000
fabricated_level4_23,fabricated,1500,0.4050624434049643,CONDITIONAL,1.0,2000
fabricated_level4_24,fabricated,1500,0.40667966285518165,CONDITIONAL,1.0,2000
fabricated_level4_25,fabricated,1500,0.40471587458013736,CONDITIONAL,1.0,2000
fabricated_level4_26,fabricated,1500,0.4043557290770858,CONDITIONAL,1.0,2000
fabricated_level4_27,fabricated,1500,0.40742369375417814,CONDITIONAL,1.0,2000
fabricated_level4_28,fabricated,1500,0.3939800760256002,CONDITIONAL,1.0,2000
fabricated_level4_29,fabricated,1500,0.4052317455706162,CONDITIONAL,1.0,2000
fabricated_level4_30,fabricated,1500,0.4072422726393782,CONDITIONAL,1.0,2000
fabricated_level5_1,fabricated,1500,0.507149177184687,CONDITIONAL,1.0,2000
fabricated_level5_2,fabricated,1500,0.5004686469333041,CONDITIONAL,1.0,2000
fabricated_level5_3,fabricated,1500,0.544022902921354,CONDITIONAL,1.0,2000
fabricated_level5_4,fabricated,1500,0.4665390897755711,CONDITIONAL,1.0,2000
fabricated_level5_5,fabricated,1500,0.5186967171584275,CONDITIONAL,1.0,2000
fabricated_level5_6,fabricated,1500,0.49826797767565545,CONDITIONAL,1.0,2000
fabricated_level5_7,fabricated,1500,0.4407010915911832,CONDITIONAL,1.0,2000
fabricated_level5_8,fabricated,1500,0.4305564737414368,CONDITIONAL,1.0,2000
fabricated_level5_9,fabricated,1500,0.5284061807503533,CONDITIONAL,1.0,2000
fabricated_level5_10,fabricated,1500,0.49069748141933633,CONDITIONAL,1.0,2000
fabricated_level5_11,fabricated,1500,0.4726687691147823,CONDITIONAL,1.0,2000
fabricated_level5_12,fabricated,1500,0.4793209413444981,CONDITIONAL,1.0,2000
fabricated_level5_13,fabricated,1500,0.5057003447036603,CONDITIONAL,1.0,2000
fabricated_level5_14,fabricated,1500,0.45379692860848225,CONDITIONAL,1.0,2000
fabricated_level5_15,fabricated,1500,0.459719146930329,CONDITIONAL,1.0,2000
fabricated_level5_16,fabricated,1500,0.5059874880862156,CONDITIONAL,1.0,2000
fabricated_level5_17,fabricated,1500,0.4743681621283695,CONDITIONAL,1.0,2000
fabricated_level5_18,fabricated,1500,0.5202456895835651,CONDITIONAL,1.0,2000
fabricated_level5_19,fabricated,1500,0.491972295071629,CONDITIONAL,1.0,2000
fabricated_level5_20,fabricated,1500,0.48034350233979256,CONDITIONAL,1.0,2000
fabricated_level5_21,fabricated,1500,0.5098672296649178,CONDITIONAL,1.0,2000
fabricated_level5_22,fabricated,1500,0.5341850037710028,CONDITIONAL,1.0,2000
fabricated_level5_23,fabricated,1500,0.5216647078582175,CONDITIONAL,1.0,2000
fabricated_level5_24,fabricated,1500,0.5229574195734364,CONDITIONAL,1.0,2000
fabricated_level5_25,fabricated,1500,0.5205725825400773,CONDITIONAL,1.0,2000
fabricated_level5_26,fabricated,1500,0.5052310253030139,CONDITIONAL,1.0,2000
fabricated_level5_27,fabricated,1500,0.5076758693115244,CONDITIONAL,1.0,2000
fabricated_level5_28,fabricated,1500,0.48034386691285524,CONDITIONAL,1.0,2000
fabricated_level5_29,fabricated,1500,0.4937569256060372,CONDITIONAL,1.0,2000
fabricated_level5_30,fabricated,1500,0.5276480452109975,CONDITIONAL,1.0,2000
fabricated_level6_1,fabricated,1500,0.5441145915726633,CONDITIONAL,1.0,2000
fabricated_level6_2,fabricated,1500,0.5497086053481414,CONDITIONAL,1.0,2000
fabricated_level6_3,fabricated,1500,0.5198207961162561,CONDITIONAL,1.0,2000
fabricated_level6_4,fabricated,1500,0.5350838069921993,CONDITIONAL,1.0,2000
fabricated_level6_5,fabricated,1500,0.5033659519105953,CONDITIONAL,1.0,2000
fabricated_level6_6,fabricated,1500,0.5188578251756684,CONDITIONAL,1.0,2000
fabricated_level6_7,fabricated,1500,0.5221255671538139,CONDITIONAL,1.0,2000
fabricated_level6_8,fabricated,1500,0.5579439156754249,CONDITIONAL,1.0,2000
fabricated_level6_9,fabricated,1500,0.5486411896340331,CONDITIONAL,1.0,2000
fabricated_level6_10,fabricated,1500,0.5547257852601345,CONDITIONAL,1.0,2000
fabricated_level6_11,fabricated,1500,0.5253535556543197,CONDITIONAL,1.0,2000
fabricated_level6_12,fabricated,1500,0.47890859074094105,CONDITIONAL,1.0,2000
fabricated_level6_13,fabricated,1500,0.5317567439697874,CONDITIONAL,1.0,2000
fabricated_level6_14,fabricated,1500,0.55300272786141,CONDITIONAL,1.0,2000
fabricated_level6_15,fabricated,1500,0.49348934880849116,CONDITIONAL,1.0,2000
fabricated_level6_16,fabricated,1500,0.54928353469844,CONDITIONAL,1.0,2000
fabricated_level6_17,fabricated,1500,0.5200496158957543,CONDITIONAL,1.0,2000
fabricated_level6_18,fabricated,1500,0.5272844119323479,CONDITIONAL,1.0,2000
fabricated_level6_19,fabricated,1500,0.5405040538484043,CONDITIONAL,1.0,2000
fabricated_level6_20,fabricated,1500,0.5197074915524313,CONDITIONAL,1.0,2000
fabricated_level6_21,fabricated,1500,0.5188685937023537,CONDITIONAL,1.0,2000
fabricated_level6_22,fabricated,1500,0.49431874712411294,CONDITIONAL,1.0,2000
fabricated_level6_23,fabricated,1500,0.5073832551967834,CONDITIONAL,1.0,2000
fabricated_level6_24,fabricated,1500,0.5003395381721605,CONDITIONAL,1.0,2000
fabricated_level6_25,fabricated,1500,0.5059043851968665,CONDITIONAL,1.0,2000
fabricated_level6_26,fabricated,1500,0.4592577159019904,CONDITIONAL,1.0,2000
fabricated_level6_27,fabricated,1500,0.5257630282080867,CONDITIONAL,1.0,2000
fabricated_level6_28,fabricated,1500,0.53461736696001,CONDITIONAL,1.0,2000
fabricated_level6_29,fabricated,1500,0.4894389707049237,CONDITIONAL,1.0,2000
fabricated_level6_30,fabricated,1500,0.5278286191230236,CONDITIONAL,1.0,2000
fabricated_level7_1,fabricated,1500,0.4874111336368343,CONDITIONAL,1.0,2000
fabricated_level7_2,fabricated,1500,0.4902144260741005,CONDITIONAL,1.0,2000
fabricated_level7_3,fabricated,1500,0.48349244416674464,CONDITIONAL,1.0,2000
fabricated_level7_4,fabricated,1500,0.49267652728484523,CONDITIONAL,1.0,2000
fabricated_level7_5,fabricated,1500,0.5007693246031103,CONDITIONAL,1.0,2000
fabricated_level7_6,fabricated,1500,0.5127906661613165,CONDITIONAL,1.0,2000
fabricated_level7_7,fabricated,1500,0.47527185398179406,CONDITIONAL,1.0,2000
fabricated_level7_8,fabricated,1500,0.40294745006588206,CONDITIONAL,1.0,2000
fabricated_level7_9,fabricated,1500,0.3979850930097071,CONDITIONAL,1.0,2000
fabricated_level7_10,fabricated,1500,0.44143408180868904,CONDITIONAL,1.0,2000
fabricated_level7_11,fabricated,1500,0.47972376738591443,CONDITIONAL,1.0,2000
fabricated_level7_12,fabricated,1500,0.46522312956482686,CONDITIONAL,1.0,2000
fabricated_level7_13,fabricated,1500,0.4268500026765004,CONDITIONAL,1.0,2000
fabricated_level7_14,fabricated,1500,0.4693156793956454,CONDITIONAL,1.0,2000
fabricated_level7_15,fabricated,1500,0.4703561423041693,CONDITIONAL,1.0,2000
fabricated_level7_16,fabricated,1500,0.498643821713743,CONDITIONAL,1.0,2000
fabricated_level7_17,fabricated,1500,0.48531495214320813,CONDITIONAL,1.0,2000
fabricated_level7_18,fabricated,1500,0.49035329043349724,CONDITIONAL,1.0,2000
fabricated_level7_19,fabricated,1500,0.4958893762237819,CONDITIONAL,1.0,2000
fabricated_level7_20,fabricated,1500,0.41705435910747635,CONDITIONAL,1.0,2000
fabricated_level7_21,fabricated,1500,0.48119894970216137,CONDITIONAL,1.0,2000
fabricated_level7_22,fabricated,1500,0.49280814806388096,CONDITIONAL,1.0,2000
fabricated_level7_23,fabricated,1500,0.47451178553659284,CONDITIONAL,1.0,2000
fabricated_level7_24,fabricated,1500,0.48268249924298623,CONDITIONAL,1.0,2000
fabricated_level7_25,fabricated,1500,0.5032668822409658,CONDITIONAL,1.0,2000
fabricated_level7_26,fabricated,1500,0.4778435648645927,CONDITIONAL,1.0,2000
fabricated_level7_27,fabricated,1500,0.4937929780759096,CONDITIONAL,1.0,2000
fabricated_level7_28,fabricated,1500,0.5011712621407605,CONDITIONAL,1.0,2000
fabricated_level7_29,fabricated,1500,0.48581406430543433,CONDITIONAL,1.0,2000
fabricated_level7_30,fabricated,1500,0.48564966150828737,CONDITIONAL,1.0,2000
fabricated_level8_1,fabricated,1500,0.582706707921802,CONDITIONAL,1.0,2000
fabricated_level8_2,fabricated,1500,0.5973315744877737,CONDITIONAL,1.0,2000
fabricated_level8_3,fabricated,1500,0.5971082641417653,CONDITIONAL,1.0,2000
fabricated_level8_4,fabricated,1500,0.5969193851610268,CONDITIONAL,1.0,2000
fabricated_level8_5,fabricated,1500,0.5522432697697672,CONDITIONAL,1.0,2000
fabricated_level8_6,fabricated,1500,0.5997519692684949,CONDITIONAL,1.0,2000
fabricated_level8_7,fabricated,1500,0.5948877790687401,CONDITIONAL,1.0,2000
fabricated_level8_8,fabricated,1500,0.6108130701346892,CONDITIONAL,1.0,2000
fabricated_level8_9,fabricated,1500,0.585178379898059,CONDITIONAL,1.0,2000
fabricated_level8_10,fabricated,1500,0.6355369617450206,CONDITIONAL,1.0,2000
fabricated_level8_11,fabricated,1500,0.631859406088682,CONDITIONAL,1.0,2000
fabricated_level8_12,fabricated,1500,0.6393262620257449,CONDITIONAL,1.0,2000
fabricated_level8_13,fabricated,1500,0.6106052718321878,CONDITIONAL,1.0,2000
fabricated_level8_14,fabricated,1500,0.6022338693928656,CONDITIONAL,1.0,2000
fabricated_level8_15,fabricated,1500,0.5726135338251118,CONDITIONAL,1.0,2000
fabricated_level8_16,fabricated,1500,0.5910338239530759,CONDITIONAL,1.0,2000
fabricated_level8_17,fabricated,1500,0.5440376828284612,CONDITIONAL,1.0,2000
fabricated_level8_18,fabricated,1500,0.5841151581895749,CONDITIONAL,1.0,2000
fabricated_level8_19,fabricated,1500,0.610237649199235,CONDITIONAL,1.0,2000
fabricated_level8_20,fabricated,1500,0.6384455775026875,CONDITIONAL,1.0,2000
fabricated_level8_21,fabricated,1500,0.6140693996986102,CONDITIONAL,1.0,2000
fabricated_level8_22,fabricated,1500,0.5207277663346568,CONDITIONAL,1.0,2000
fabricated_level8_23,fabricated,1500,0.6312078666593781,CONDITIONAL,1.0,2000
fabricated_level8_24,fabricated,1500,0.6362930051599185,CONDITIONAL,1.0,2000
fabricated_level8_25,fabricated,1500,0.6351817860650861,CONDITIONAL,1.0,2000
fabricated_level8_26,fabricated,1500,0.5639160155145589,CONDITIONAL,1.0,2000
fabricated_level8_27,fabricated,1500,0.6079895831137078,CONDITIONAL,1.0,2000
fabricated_level8_28,fabricated,1500,0.6089366707106072,CONDITIONAL,1.0,2000
fabricated_level8_29,fabricated,1500,0.645672081003848,CONDITIONAL,1.0,2000
fabricated_level8_30,fabricated,1500,0.6488608278700927,CONDITIONAL,1.0,2000
fabricated_level9_1,fabricated,1500,0.5158056656696789,CONDITIONAL,1.0,2000
fabricated_level9_2,fabricated,1500,0.5515111959413896,CONDITIONAL,1.0,2000
fabricated_level9_3,fabricated,1500,0.5257619380055482,CONDITIONAL,1.0,2000
fabricated_level9_4,fabricated,1500,0.5570889704849928,CONDITIONAL,1.0,2000
fabricated_level9_5,fabricated,1500,0.559752727750298,CONDITIONAL,1.0,2000
fabricated_level9_6,fabricated,1500,0.5609714383244124,CONDITIONAL,1.0,2000
fabricated_level9_7,fabricated,1500,0.5564096706438167,CONDITIONAL,1.0,2000
fabricated_level9_8,fabricated,1500,0.476072085453613,CONDITIONAL,1.0,2000
fabricated_level9_9,fabricated,1500,0.5443116780190375,CONDITIONAL,1.0,2000
fabricated_level9_10,fabricated,1500,0.5438869082577175,CONDITIONAL,1.0,2000
fabricated_level9_11,fabricated,1500,0.5663563688733309,CONDITIONAL,1.0,2000
fabricated_level9_12,fabricated,1500,0.5682797882399508,CONDITIONAL,1.0,2000
fabricated_level9_13,fabricated,1500,0.5636640113146635,CONDITIONAL,1.0,2000
fabricated_level9_14,fabricated,1500,0.5638321895774667,CONDITIONAL,1.0,2000
fabricated_level9_15,fabricated,1500,0.5547430249759391,CONDITIONAL,1.0,2000
fabricated_level9_16,fabricated,1500,0.5615389532493578,CONDITIONAL,1.0,2000
fabricated_level9_17,fabricated,1500,0.5050090976178304,CONDITIONAL,1.0,2000
fabricated_level9_18,fabricated,1500,0.528382701577302,CONDITIONAL,1.0,2000
fabricated_level9_19,fabricated,1500,0.5890452870585088,CONDITIONAL,1.0,2000
fabricated_level9_20,fabricated,1500,0.5705944747273058,CONDITIONAL,1.0,2000
fabricated_level9_21,fabricated,1500,0.5432287460491455,CONDITIONAL,1.0,2000
fabricated_level9_22,fabricated,1500,0.5807523941537592,CONDITIONAL,1.0,2000
fabricated_level9_23,fabricated,1500,0.5329680162337793,CONDITIONAL,1.0,2000
fabricated_level9_24,fabricated,1500,0.5506560792333434,CONDITIONAL,1.0,2000
fabricated_level9_25,fabricated,1500,0.5384446887304519,CONDITIONAL,1.0,2000
fabricated_level9_26,fabricated,1500,0.5151557162364209,CONDITIONAL,1.0,2000
fabricated_level9_27,fabricated,1500,0.5206901252414499,CONDITIONAL,1.0,2000
fabricated_level9_28,fabricated,1500,0.5815694828815905,CONDITIONAL,1.0,2000
fabricated_level9_29,fabricated,1500,0.5010780753253264,CONDITIONAL,1.0,2000
fabricated_level9_30,fabricated,1500,0.5645406073999063,CONDITIONAL,1.0,2000
fabricated_level10_adversarial_1,held_out_adversarial,1500,0.4506429416597082,CONDITIONAL,1.0,2000
fabricated_level10_adversarial_2,held_out_adversarial,1500,0.4498943092145993,CONDITIONAL,1.0,2000
fabricated_level10_adversarial_3,held_out_adversarial,1500,0.4135786079194469,CONDITIONAL,1.0,2000
fabricated_level10_adversarial_4,held_out_adversarial,1500,0.44706547142045105,CONDITIONAL,1.0,2000
fabricated_level10_adversarial_5,held_out_adversarial,1500,0.4611445842786539,CONDITIONAL,1.0,2000
fabricated_level10_adversarial_6,held_out_adversarial,1500,0.4357758467099873,CONDITIONAL,1.0,2000
fabricated_level10_adversarial_7,held_out_adversarial,1500,0.46275476623656775,CONDITIONAL,1.0,2000
fabricated_level10_adversarial_8,held_out_adversarial,1500,0.473963506226924,CONDITIONAL,1.0,2000
fabricated_level10_adversarial_9,held_out_adversarial,1500,0.4239730833655622,CONDITIONAL,1.0,2000
fabricated_level10_adversarial_10,held_out_adversarial,1500,0.4768423850832811,CONDITIONAL,1.0,2000
fabricated_level10_adversarial_11,held_out_adversarial,1500,0.4599916119136552,CONDITIONAL,1.0,2000
fabricated_level10_adversarial_12,held_out_adversarial,1500,0.4475271672867105,CONDITIONAL,1.0,2000
fabricated_level10_adversarial_13,held_out_adversarial,1500,0.45529487448368905,CONDITIONAL,1.0,2000
fabricated_level10_adversarial_14,held_out_adversarial,1500,0.4857297872631392,CONDITIONAL,1.0,2000
fabricated_level10_adversarial_15,held_out_adversarial,1500,0.45600953565913416,CONDITIONAL,1.0,2000
fabricated_level10_adversarial_16,held_out_adversarial,1500,0.45440394405437506,CONDITIONAL,1.0,2000
fabricated_level10_adversarial_17,held_out_adversarial,1500,0.46339889952472096,CONDITIONAL,1.0,2000
fabricated_level10_adversarial_18,held_out_adversarial,1500,0.41618186971536375,CONDITIONAL,1.0,2000
fabricated_level10_adversarial_19,held_out_adversarial,1500,0.40902574684332504,CONDITIONAL,1.0,2000
fabricated_level10_adversarial_20,held_out_adversarial,1500,0.4147614464018248,CONDITIONAL,1.0,2000
fabricated_level10_adversarial_21,held_out_adversarial,1500,0.4351108911254469,CONDITIONAL,1.0,2000
fabricated_level10_adversarial_22,held_out_adversarial,1500,0.45655782674775947,CONDITIONAL,1.0,2000
fabricated_level10_adversarial_23,held_out_adversarial,1500,0.4170407795845198,CONDITIONAL,1.0,2000
fabricated_level10_adversarial_24,held_out_adversarial,1500,0.38294674873180423,CONDITIONAL,1.0,2000
fabricated_level10_adversarial_25,held_out_adversarial,1500,0.4251149484097063,CONDITIONAL,1.0,2000
fabricated_level10_adversarial_26,held_out_adversarial,1500,0.4315716710684006,CONDITIONAL,1.0,2000
fabricated_level10_adversarial_27,held_out_adversarial,1500,0.4477518510325905,CONDITIONAL,1.0,2000
fabricated_level10_adversarial_28,held_out_adversarial,1500,0.42308513569446254,CONDITIONAL,1.0,2000
fabricated_level10_adversarial_29,held_out_adversarial,1500,0.46680233525877307,CONDITIONAL,1.0,2000
fabricated_level10_adversarial_30,held_out_adversarial,1500,0.48775376720061575,CONDITIONAL,1.0,2000
